2026-04-03 15:02:27,236 [INFO] django.utils.autoreload:637 - Watching for file changes with StatReloader
2026-04-03 15:02:28,475 [INFO] backend.services.mqtt_listener:82 - Iniciando listener MQTT. broker=slock.com.br:1883 subscriptions=1
2026-04-03 15:02:28,780 [INFO] backend.services.mqtt_listener:98 - MQTT conectado. rc=0
2026-04-03 15:02:28,781 [INFO] backend.services.mqtt_listener:101 - MQTT inscrito. automation=smx-000-001 topic=/smx-000-001/uc/to/broker
2026-04-03 15:03:04,246 [INFO] backend.services.mqtt_listener:126 - Mensagem MQTT recebida. topic=/smx-000-001/uc/to/broker
2026-04-03 15:03:04,247 [INFO] backend.services.mqtt_listener:62 - Nenhuma rotina de sync aplicada para automation=smx-000-001.
2026-04-03 15:03:08,197 [WARNING] backend.services.mqtt_listener:62 - Payload descartado por falha ao decodificar JSON UTF-8. topic=/smx-000-001/uc/to/broker
2026-04-03 15:03:08,197 [WARNING] backend.services.mqtt_listener:62 - Nao existe pacote pendente para repetir em smx-000-001.
2026-04-03 15:03:14,497 [INFO] backend.services.mqtt_listener:126 - Mensagem MQTT recebida. topic=/smx-000-001/uc/to/broker
2026-04-03 15:03:14,498 [INFO] backend.services.mqtt_listener:62 - 
2026-04-03 15:03:14,498 [INFO] backend.services.mqtt_listener:62 - ==========================================================================================
2026-04-03 15:03:14,498 [INFO] backend.services.mqtt_listener:62 - SYNC INVENTORY | smx-000-001
2026-04-03 15:03:14,499 [INFO] backend.services.mqtt_listener:62 - ------------------------------------------------------------------------------------------
2026-04-03 15:03:14,499 [INFO] backend.services.mqtt_listener:62 - Arquivos recebidos: 5
2026-04-03 15:03:14,499 [INFO] backend.services.mqtt_listener:62 - Lista:
2026-04-03 15:03:14,499 [INFO] backend.services.mqtt_listener:62 - [0] path=/Raw/26-03-27.txt registers=4010
2026-04-03 15:03:14,499 [INFO] backend.services.mqtt_listener:62 - [1] path=/Raw/default.txt registers=233
2026-04-03 15:03:14,499 [INFO] backend.services.mqtt_listener:62 - [2] path=/Raw/26-04-01.txt registers=4721
2026-04-03 15:03:14,500 [INFO] backend.services.mqtt_listener:62 - [3] path=/Raw/26-00-01.txt registers=120
2026-04-03 15:03:14,500 [INFO] backend.services.mqtt_listener:62 - [4] path=/Raw/26-04-02.txt registers=273
2026-04-03 15:03:14,500 [INFO] backend.services.mqtt_listener:62 - ==========================================================================================
2026-04-03 15:03:14,501 [INFO] backend.services.mqtt_listener:62 - 
2026-04-03 15:03:14,501 [INFO] backend.services.mqtt_listener:62 - ==========================================================================================
2026-04-03 15:03:14,502 [INFO] backend.services.mqtt_listener:62 - SYNC REQUEST NEXT | smx-000-001
2026-04-03 15:03:14,502 [INFO] backend.services.mqtt_listener:62 - ------------------------------------------------------------------------------------------
2026-04-03 15:03:14,503 [INFO] backend.services.mqtt_listener:62 - current_file_index=0
2026-04-03 15:03:14,503 [INFO] backend.services.mqtt_listener:62 - path=/Raw/26-03-27.txt
2026-04-03 15:03:14,504 [INFO] backend.services.mqtt_listener:62 - registers=4010
2026-04-03 15:03:14,504 [INFO] backend.services.mqtt_listener:62 - offset=0
2026-04-03 15:03:14,504 [INFO] backend.services.mqtt_listener:62 - limit=150
2026-04-03 15:03:14,505 [INFO] backend.services.mqtt_listener:62 - ==========================================================================================
2026-04-03 15:03:14,506 [INFO] backend.services.mqtt_listener:62 - Solicitando pacote para smx-000-001: path=/Raw/26-03-27.txt offset=0 limit=150
2026-04-03 15:03:14,506 [INFO] backend.services.mqtt_listener:417 - Mensagem MQTT publicada. topic=/smx-000-001/broker/to/uc mid=2
2026-04-03 15:03:16,020 [INFO] backend.services.mqtt_listener:126 - Mensagem MQTT recebida. topic=/smx-000-001/uc/to/broker
2026-04-03 15:03:16,023 [INFO] backend.services.mqtt_listener:62 - 
2026-04-03 15:03:16,024 [INFO] backend.services.mqtt_listener:62 - ==========================================================================================
2026-04-03 15:03:16,024 [INFO] backend.services.mqtt_listener:62 - SYNC RESPONSE OK | smx-000-001
2026-04-03 15:03:16,024 [INFO] backend.services.mqtt_listener:62 - ------------------------------------------------------------------------------------------
2026-04-03 15:03:16,025 [INFO] backend.services.mqtt_listener:62 - current_file_index=0
2026-04-03 15:03:16,025 [INFO] backend.services.mqtt_listener:62 - path=/Raw/26-03-27.txt
2026-04-03 15:03:16,026 [INFO] backend.services.mqtt_listener:62 - offset=0
2026-04-03 15:03:16,026 [INFO] backend.services.mqtt_listener:62 - count=150
2026-04-03 15:03:16,027 [INFO] backend.services.mqtt_listener:62 - has_more=True
2026-04-03 15:03:16,031 [INFO] backend.services.mqtt_listener:62 - next_offset=150
2026-04-03 15:03:16,031 [INFO] backend.services.mqtt_listener:62 - ==========================================================================================
2026-04-03 15:03:16,032 [INFO] backend.services.mqtt_listener:62 - Solicitando pacote para smx-000-001: path=/Raw/26-03-27.txt offset=150 limit=150
2026-04-03 15:03:16,032 [INFO] backend.services.mqtt_listener:417 - Mensagem MQTT publicada. topic=/smx-000-001/broker/to/uc mid=3
2026-04-03 15:03:16,947 [INFO] backend.services.mqtt_listener:126 - Mensagem MQTT recebida. topic=/smx-000-001/uc/to/broker
2026-04-03 15:03:16,950 [INFO] backend.services.mqtt_listener:62 - 
2026-04-03 15:03:16,951 [INFO] backend.services.mqtt_listener:62 - ==========================================================================================
2026-04-03 15:03:16,951 [INFO] backend.services.mqtt_listener:62 - SYNC RESPONSE OK | smx-000-001
2026-04-03 15:03:16,952 [INFO] backend.services.mqtt_listener:62 - ------------------------------------------------------------------------------------------
2026-04-03 15:03:16,952 [INFO] backend.services.mqtt_listener:62 - current_file_index=0
2026-04-03 15:03:16,953 [INFO] backend.services.mqtt_listener:62 - path=/Raw/26-03-27.txt
2026-04-03 15:03:16,953 [INFO] backend.services.mqtt_listener:62 - offset=150
2026-04-03 15:03:16,954 [INFO] backend.services.mqtt_listener:62 - count=150
2026-04-03 15:03:16,954 [INFO] backend.services.mqtt_listener:62 - has_more=True
2026-04-03 15:03:16,954 [INFO] backend.services.mqtt_listener:62 - next_offset=300
2026-04-03 15:03:16,955 [INFO] backend.services.mqtt_listener:62 - ==========================================================================================
2026-04-03 15:03:16,956 [INFO] backend.services.mqtt_listener:62 - Solicitando pacote para smx-000-001: path=/Raw/26-03-27.txt offset=300 limit=150
2026-04-03 15:03:16,956 [INFO] backend.services.mqtt_listener:417 - Mensagem MQTT publicada. topic=/smx-000-001/broker/to/uc mid=4
2026-04-03 15:03:18,274 [INFO] backend.services.mqtt_listener:126 - Mensagem MQTT recebida. topic=/smx-000-001/uc/to/broker
2026-04-03 15:03:18,277 [INFO] backend.services.mqtt_listener:62 - 
2026-04-03 15:03:18,278 [INFO] backend.services.mqtt_listener:62 - ==========================================================================================
2026-04-03 15:03:18,278 [INFO] backend.services.mqtt_listener:62 - SYNC RESPONSE OK | smx-000-001
2026-04-03 15:03:18,279 [INFO] backend.services.mqtt_listener:62 - ------------------------------------------------------------------------------------------
2026-04-03 15:03:18,279 [INFO] backend.services.mqtt_listener:62 - current_file_index=0
2026-04-03 15:03:18,279 [INFO] backend.services.mqtt_listener:62 - path=/Raw/26-03-27.txt
2026-04-03 15:03:18,280 [INFO] backend.services.mqtt_listener:62 - offset=300
2026-04-03 15:03:18,280 [INFO] backend.services.mqtt_listener:62 - count=150
2026-04-03 15:03:18,281 [INFO] backend.services.mqtt_listener:62 - has_more=True
2026-04-03 15:03:18,281 [INFO] backend.services.mqtt_listener:62 - next_offset=450
2026-04-03 15:03:18,281 [INFO] backend.services.mqtt_listener:62 - ==========================================================================================
2026-04-03 15:03:18,282 [INFO] backend.services.mqtt_listener:62 - Solicitando pacote para smx-000-001: path=/Raw/26-03-27.txt offset=450 limit=150
2026-04-03 15:03:18,282 [INFO] backend.services.mqtt_listener:417 - Mensagem MQTT publicada. topic=/smx-000-001/broker/to/uc mid=5
2026-04-03 15:03:19,609 [INFO] backend.services.mqtt_listener:126 - Mensagem MQTT recebida. topic=/smx-000-001/uc/to/broker
2026-04-03 15:03:19,612 [INFO] backend.services.mqtt_listener:62 - 
2026-04-03 15:03:19,613 [INFO] backend.services.mqtt_listener:62 - ==========================================================================================
2026-04-03 15:03:19,613 [INFO] backend.services.mqtt_listener:62 - SYNC RESPONSE OK | smx-000-001
2026-04-03 15:03:19,613 [INFO] backend.services.mqtt_listener:62 - ------------------------------------------------------------------------------------------
2026-04-03 15:03:19,614 [INFO] backend.services.mqtt_listener:62 - current_file_index=0
2026-04-03 15:03:19,614 [INFO] backend.services.mqtt_listener:62 - path=/Raw/26-03-27.txt
2026-04-03 15:03:19,614 [INFO] backend.services.mqtt_listener:62 - offset=450
2026-04-03 15:03:19,615 [INFO] backend.services.mqtt_listener:62 - count=150
2026-04-03 15:03:19,616 [INFO] backend.services.mqtt_listener:62 - has_more=True
2026-04-03 15:03:19,616 [INFO] backend.services.mqtt_listener:62 - next_offset=600
2026-04-03 15:03:19,616 [INFO] backend.services.mqtt_listener:62 - ==========================================================================================
2026-04-03 15:03:19,617 [INFO] backend.services.mqtt_listener:62 - Solicitando pacote para smx-000-001: path=/Raw/26-03-27.txt offset=600 limit=150
2026-04-03 15:03:19,617 [INFO] backend.services.mqtt_listener:417 - Mensagem MQTT publicada. topic=/smx-000-001/broker/to/uc mid=6
2026-04-03 15:03:20,835 [INFO] backend.services.mqtt_listener:126 - Mensagem MQTT recebida. topic=/smx-000-001/uc/to/broker
2026-04-03 15:03:20,837 [INFO] backend.services.mqtt_listener:62 - 
2026-04-03 15:03:20,838 [INFO] backend.services.mqtt_listener:62 - ==========================================================================================
2026-04-03 15:03:20,839 [INFO] backend.services.mqtt_listener:62 - SYNC RESPONSE OK | smx-000-001
2026-04-03 15:03:20,839 [INFO] backend.services.mqtt_listener:62 - ------------------------------------------------------------------------------------------
2026-04-03 15:03:20,840 [INFO] backend.services.mqtt_listener:62 - current_file_index=0
2026-04-03 15:03:20,840 [INFO] backend.services.mqtt_listener:62 - path=/Raw/26-03-27.txt
2026-04-03 15:03:20,840 [INFO] backend.services.mqtt_listener:62 - offset=600
2026-04-03 15:03:20,841 [INFO] backend.services.mqtt_listener:62 - count=150
2026-04-03 15:03:20,841 [INFO] backend.services.mqtt_listener:62 - has_more=True
2026-04-03 15:03:20,842 [INFO] backend.services.mqtt_listener:62 - next_offset=750
2026-04-03 15:03:20,842 [INFO] backend.services.mqtt_listener:62 - ==========================================================================================
2026-04-03 15:03:20,843 [INFO] backend.services.mqtt_listener:62 - Solicitando pacote para smx-000-001: path=/Raw/26-03-27.txt offset=750 limit=150
2026-04-03 15:03:20,843 [INFO] backend.services.mqtt_listener:417 - Mensagem MQTT publicada. topic=/smx-000-001/broker/to/uc mid=7
2026-04-03 15:03:22,064 [INFO] backend.services.mqtt_listener:126 - Mensagem MQTT recebida. topic=/smx-000-001/uc/to/broker
2026-04-03 15:03:22,067 [INFO] backend.services.mqtt_listener:62 - 
2026-04-03 15:03:22,068 [INFO] backend.services.mqtt_listener:62 - ==========================================================================================
2026-04-03 15:03:22,068 [INFO] backend.services.mqtt_listener:62 - SYNC RESPONSE OK | smx-000-001
2026-04-03 15:03:22,068 [INFO] backend.services.mqtt_listener:62 - ------------------------------------------------------------------------------------------
2026-04-03 15:03:22,069 [INFO] backend.services.mqtt_listener:62 - current_file_index=0
2026-04-03 15:03:22,069 [INFO] backend.services.mqtt_listener:62 - path=/Raw/26-03-27.txt
2026-04-03 15:03:22,070 [INFO] backend.services.mqtt_listener:62 - offset=750
2026-04-03 15:03:22,070 [INFO] backend.services.mqtt_listener:62 - count=150
2026-04-03 15:03:22,071 [INFO] backend.services.mqtt_listener:62 - has_more=True
2026-04-03 15:03:22,071 [INFO] backend.services.mqtt_listener:62 - next_offset=900
2026-04-03 15:03:22,071 [INFO] backend.services.mqtt_listener:62 - ==========================================================================================
2026-04-03 15:03:22,072 [INFO] backend.services.mqtt_listener:62 - Solicitando pacote para smx-000-001: path=/Raw/26-03-27.txt offset=900 limit=150
2026-04-03 15:03:22,073 [INFO] backend.services.mqtt_listener:417 - Mensagem MQTT publicada. topic=/smx-000-001/broker/to/uc mid=8
2026-04-03 15:03:23,198 [INFO] backend.services.mqtt_listener:126 - Mensagem MQTT recebida. topic=/smx-000-001/uc/to/broker
2026-04-03 15:03:23,201 [INFO] backend.services.mqtt_listener:62 - 
2026-04-03 15:03:23,201 [INFO] backend.services.mqtt_listener:62 - ==========================================================================================
2026-04-03 15:03:23,202 [INFO] backend.services.mqtt_listener:62 - SYNC RESPONSE OK | smx-000-001
2026-04-03 15:03:23,202 [INFO] backend.services.mqtt_listener:62 - ------------------------------------------------------------------------------------------
2026-04-03 15:03:23,203 [INFO] backend.services.mqtt_listener:62 - current_file_index=0
2026-04-03 15:03:23,203 [INFO] backend.services.mqtt_listener:62 - path=/Raw/26-03-27.txt
2026-04-03 15:03:23,203 [INFO] backend.services.mqtt_listener:62 - offset=900
2026-04-03 15:03:23,204 [INFO] backend.services.mqtt_listener:62 - count=150
2026-04-03 15:03:23,204 [INFO] backend.services.mqtt_listener:62 - has_more=True
2026-04-03 15:03:23,205 [INFO] backend.services.mqtt_listener:62 - next_offset=1050
2026-04-03 15:03:23,205 [INFO] backend.services.mqtt_listener:62 - ==========================================================================================
2026-04-03 15:03:23,207 [INFO] backend.services.mqtt_listener:62 - Solicitando pacote para smx-000-001: path=/Raw/26-03-27.txt offset=1050 limit=150
2026-04-03 15:03:23,207 [INFO] backend.services.mqtt_listener:417 - Mensagem MQTT publicada. topic=/smx-000-001/broker/to/uc mid=9
2026-04-03 15:03:24,319 [INFO] backend.services.mqtt_listener:126 - Mensagem MQTT recebida. topic=/smx-000-001/uc/to/broker
2026-04-03 15:03:24,322 [INFO] backend.services.mqtt_listener:62 - 
2026-04-03 15:03:24,323 [INFO] backend.services.mqtt_listener:62 - ==========================================================================================
2026-04-03 15:03:24,323 [INFO] backend.services.mqtt_listener:62 - SYNC RESPONSE OK | smx-000-001
2026-04-03 15:03:24,324 [INFO] backend.services.mqtt_listener:62 - ------------------------------------------------------------------------------------------
2026-04-03 15:03:24,324 [INFO] backend.services.mqtt_listener:62 - current_file_index=0
2026-04-03 15:03:24,325 [INFO] backend.services.mqtt_listener:62 - path=/Raw/26-03-27.txt
2026-04-03 15:03:24,325 [INFO] backend.services.mqtt_listener:62 - offset=1050
2026-04-03 15:03:24,325 [INFO] backend.services.mqtt_listener:62 - count=150
2026-04-03 15:03:24,326 [INFO] backend.services.mqtt_listener:62 - has_more=True
2026-04-03 15:03:24,326 [INFO] backend.services.mqtt_listener:62 - next_offset=1200
2026-04-03 15:03:24,327 [INFO] backend.services.mqtt_listener:62 - ==========================================================================================
2026-04-03 15:03:24,327 [INFO] backend.services.mqtt_listener:62 - Solicitando pacote para smx-000-001: path=/Raw/26-03-27.txt offset=1200 limit=150
2026-04-03 15:03:24,328 [INFO] backend.services.mqtt_listener:417 - Mensagem MQTT publicada. topic=/smx-000-001/broker/to/uc mid=10
2026-04-03 15:03:25,657 [INFO] backend.services.mqtt_listener:126 - Mensagem MQTT recebida. topic=/smx-000-001/uc/to/broker
2026-04-03 15:03:25,660 [INFO] backend.services.mqtt_listener:62 - 
2026-04-03 15:03:25,660 [INFO] backend.services.mqtt_listener:62 - ==========================================================================================
2026-04-03 15:03:25,660 [INFO] backend.services.mqtt_listener:62 - SYNC RESPONSE OK | smx-000-001
2026-04-03 15:03:25,661 [INFO] backend.services.mqtt_listener:62 - ------------------------------------------------------------------------------------------
2026-04-03 15:03:25,661 [INFO] backend.services.mqtt_listener:62 - current_file_index=0
2026-04-03 15:03:25,662 [INFO] backend.services.mqtt_listener:62 - path=/Raw/26-03-27.txt
2026-04-03 15:03:25,662 [INFO] backend.services.mqtt_listener:62 - offset=1200
2026-04-03 15:03:25,662 [INFO] backend.services.mqtt_listener:62 - count=150
2026-04-03 15:03:25,663 [INFO] backend.services.mqtt_listener:62 - has_more=True
2026-04-03 15:03:25,663 [INFO] backend.services.mqtt_listener:62 - next_offset=1350
2026-04-03 15:03:25,664 [INFO] backend.services.mqtt_listener:62 - ==========================================================================================
2026-04-03 15:03:25,664 [INFO] backend.services.mqtt_listener:62 - Solicitando pacote para smx-000-001: path=/Raw/26-03-27.txt offset=1350 limit=150
2026-04-03 15:03:25,665 [INFO] backend.services.mqtt_listener:417 - Mensagem MQTT publicada. topic=/smx-000-001/broker/to/uc mid=11
2026-04-03 15:03:26,877 [INFO] backend.services.mqtt_listener:126 - Mensagem MQTT recebida. topic=/smx-000-001/uc/to/broker
2026-04-03 15:03:26,879 [INFO] backend.services.mqtt_listener:62 - 
2026-04-03 15:03:26,881 [INFO] backend.services.mqtt_listener:62 - ==========================================================================================
2026-04-03 15:03:26,881 [INFO] backend.services.mqtt_listener:62 - SYNC RESPONSE OK | smx-000-001
2026-04-03 15:03:26,881 [INFO] backend.services.mqtt_listener:62 - ------------------------------------------------------------------------------------------
2026-04-03 15:03:26,882 [INFO] backend.services.mqtt_listener:62 - current_file_index=0
2026-04-03 15:03:26,882 [INFO] backend.services.mqtt_listener:62 - path=/Raw/26-03-27.txt
2026-04-03 15:03:26,883 [INFO] backend.services.mqtt_listener:62 - offset=1350
2026-04-03 15:03:26,883 [INFO] backend.services.mqtt_listener:62 - count=150
2026-04-03 15:03:26,883 [INFO] backend.services.mqtt_listener:62 - has_more=True
2026-04-03 15:03:26,884 [INFO] backend.services.mqtt_listener:62 - next_offset=1500
2026-04-03 15:03:26,884 [INFO] backend.services.mqtt_listener:62 - ==========================================================================================
2026-04-03 15:03:26,885 [INFO] backend.services.mqtt_listener:62 - Solicitando pacote para smx-000-001: path=/Raw/26-03-27.txt offset=1500 limit=150
2026-04-03 15:03:26,885 [INFO] backend.services.mqtt_listener:417 - Mensagem MQTT publicada. topic=/smx-000-001/broker/to/uc mid=12
2026-04-03 15:03:28,112 [INFO] backend.services.mqtt_listener:126 - Mensagem MQTT recebida. topic=/smx-000-001/uc/to/broker
2026-04-03 15:03:28,114 [INFO] backend.services.mqtt_listener:62 - 
2026-04-03 15:03:28,116 [INFO] backend.services.mqtt_listener:62 - ==========================================================================================
2026-04-03 15:03:28,116 [INFO] backend.services.mqtt_listener:62 - SYNC RESPONSE OK | smx-000-001
2026-04-03 15:03:28,116 [INFO] backend.services.mqtt_listener:62 - ------------------------------------------------------------------------------------------
2026-04-03 15:03:28,117 [INFO] backend.services.mqtt_listener:62 - current_file_index=0
2026-04-03 15:03:28,117 [INFO] backend.services.mqtt_listener:62 - path=/Raw/26-03-27.txt
2026-04-03 15:03:28,118 [INFO] backend.services.mqtt_listener:62 - offset=1500
2026-04-03 15:03:28,118 [INFO] backend.services.mqtt_listener:62 - count=150
2026-04-03 15:03:28,119 [INFO] backend.services.mqtt_listener:62 - has_more=True
2026-04-03 15:03:28,119 [INFO] backend.services.mqtt_listener:62 - next_offset=1650
2026-04-03 15:03:28,119 [INFO] backend.services.mqtt_listener:62 - ==========================================================================================
2026-04-03 15:03:28,120 [INFO] backend.services.mqtt_listener:62 - Solicitando pacote para smx-000-001: path=/Raw/26-03-27.txt offset=1650 limit=150
2026-04-03 15:03:28,121 [INFO] backend.services.mqtt_listener:417 - Mensagem MQTT publicada. topic=/smx-000-001/broker/to/uc mid=13
2026-04-03 15:03:29,437 [INFO] backend.services.mqtt_listener:126 - Mensagem MQTT recebida. topic=/smx-000-001/uc/to/broker
2026-04-03 15:03:29,439 [INFO] backend.services.mqtt_listener:62 - 
2026-04-03 15:03:29,441 [INFO] backend.services.mqtt_listener:62 - ==========================================================================================
2026-04-03 15:03:29,441 [INFO] backend.services.mqtt_listener:62 - SYNC RESPONSE OK | smx-000-001
2026-04-03 15:03:29,442 [INFO] backend.services.mqtt_listener:62 - ------------------------------------------------------------------------------------------
2026-04-03 15:03:29,443 [INFO] backend.services.mqtt_listener:62 - current_file_index=0
2026-04-03 15:03:29,443 [INFO] backend.services.mqtt_listener:62 - path=/Raw/26-03-27.txt
2026-04-03 15:03:29,443 [INFO] backend.services.mqtt_listener:62 - offset=1650
2026-04-03 15:03:29,444 [INFO] backend.services.mqtt_listener:62 - count=150
2026-04-03 15:03:29,444 [INFO] backend.services.mqtt_listener:62 - has_more=True
2026-04-03 15:03:29,445 [INFO] backend.services.mqtt_listener:62 - next_offset=1800
2026-04-03 15:03:29,445 [INFO] backend.services.mqtt_listener:62 - ==========================================================================================
2026-04-03 15:03:29,446 [INFO] backend.services.mqtt_listener:62 - Solicitando pacote para smx-000-001: path=/Raw/26-03-27.txt offset=1800 limit=150
2026-04-03 15:03:29,446 [INFO] backend.services.mqtt_listener:417 - Mensagem MQTT publicada. topic=/smx-000-001/broker/to/uc mid=14
2026-04-03 15:03:30,664 [INFO] backend.services.mqtt_listener:126 - Mensagem MQTT recebida. topic=/smx-000-001/uc/to/broker
2026-04-03 15:03:30,666 [INFO] backend.services.mqtt_listener:62 - 
2026-04-03 15:03:30,667 [INFO] backend.services.mqtt_listener:62 - ==========================================================================================
2026-04-03 15:03:30,668 [INFO] backend.services.mqtt_listener:62 - SYNC RESPONSE OK | smx-000-001
2026-04-03 15:03:30,668 [INFO] backend.services.mqtt_listener:62 - ------------------------------------------------------------------------------------------
2026-04-03 15:03:30,668 [INFO] backend.services.mqtt_listener:62 - current_file_index=0
2026-04-03 15:03:30,669 [INFO] backend.services.mqtt_listener:62 - path=/Raw/26-03-27.txt
2026-04-03 15:03:30,669 [INFO] backend.services.mqtt_listener:62 - offset=1800
2026-04-03 15:03:30,669 [INFO] backend.services.mqtt_listener:62 - count=150
2026-04-03 15:03:30,670 [INFO] backend.services.mqtt_listener:62 - has_more=True
2026-04-03 15:03:30,670 [INFO] backend.services.mqtt_listener:62 - next_offset=1950
2026-04-03 15:03:30,670 [INFO] backend.services.mqtt_listener:62 - ==========================================================================================
2026-04-03 15:03:30,671 [INFO] backend.services.mqtt_listener:62 - Solicitando pacote para smx-000-001: path=/Raw/26-03-27.txt offset=1950 limit=150
2026-04-03 15:03:30,672 [INFO] backend.services.mqtt_listener:417 - Mensagem MQTT publicada. topic=/smx-000-001/broker/to/uc mid=15
2026-04-03 15:03:31,912 [INFO] backend.services.mqtt_listener:126 - Mensagem MQTT recebida. topic=/smx-000-001/uc/to/broker
2026-04-03 15:03:31,915 [INFO] backend.services.mqtt_listener:62 - 
2026-04-03 15:03:31,916 [INFO] backend.services.mqtt_listener:62 - ==========================================================================================
2026-04-03 15:03:31,916 [INFO] backend.services.mqtt_listener:62 - SYNC RESPONSE OK | smx-000-001
2026-04-03 15:03:31,917 [INFO] backend.services.mqtt_listener:62 - ------------------------------------------------------------------------------------------
2026-04-03 15:03:31,917 [INFO] backend.services.mqtt_listener:62 - current_file_index=0
2026-04-03 15:03:31,917 [INFO] backend.services.mqtt_listener:62 - path=/Raw/26-03-27.txt
2026-04-03 15:03:31,918 [INFO] backend.services.mqtt_listener:62 - offset=1950
2026-04-03 15:03:31,918 [INFO] backend.services.mqtt_listener:62 - count=150
2026-04-03 15:03:31,919 [INFO] backend.services.mqtt_listener:62 - has_more=True
2026-04-03 15:03:31,919 [INFO] backend.services.mqtt_listener:62 - next_offset=2100
2026-04-03 15:03:31,919 [INFO] backend.services.mqtt_listener:62 - ==========================================================================================
2026-04-03 15:03:31,920 [INFO] backend.services.mqtt_listener:62 - Solicitando pacote para smx-000-001: path=/Raw/26-03-27.txt offset=2100 limit=150
2026-04-03 15:03:31,921 [INFO] backend.services.mqtt_listener:417 - Mensagem MQTT publicada. topic=/smx-000-001/broker/to/uc mid=16
2026-04-03 15:03:33,124 [INFO] backend.services.mqtt_listener:126 - Mensagem MQTT recebida. topic=/smx-000-001/uc/to/broker
2026-04-03 15:03:33,127 [INFO] backend.services.mqtt_listener:62 - 
2026-04-03 15:03:33,127 [INFO] backend.services.mqtt_listener:62 - ==========================================================================================
2026-04-03 15:03:33,127 [INFO] backend.services.mqtt_listener:62 - SYNC RESPONSE OK | smx-000-001
2026-04-03 15:03:33,128 [INFO] backend.services.mqtt_listener:62 - ------------------------------------------------------------------------------------------
2026-04-03 15:03:33,128 [INFO] backend.services.mqtt_listener:62 - current_file_index=0
2026-04-03 15:03:33,129 [INFO] backend.services.mqtt_listener:62 - path=/Raw/26-03-27.txt
2026-04-03 15:03:33,129 [INFO] backend.services.mqtt_listener:62 - offset=2100
2026-04-03 15:03:33,129 [INFO] backend.services.mqtt_listener:62 - count=150
2026-04-03 15:03:33,130 [INFO] backend.services.mqtt_listener:62 - has_more=True
2026-04-03 15:03:33,130 [INFO] backend.services.mqtt_listener:62 - next_offset=2250
2026-04-03 15:03:33,130 [INFO] backend.services.mqtt_listener:62 - ==========================================================================================
2026-04-03 15:03:33,131 [INFO] backend.services.mqtt_listener:62 - Solicitando pacote para smx-000-001: path=/Raw/26-03-27.txt offset=2250 limit=150
2026-04-03 15:03:33,132 [INFO] backend.services.mqtt_listener:417 - Mensagem MQTT publicada. topic=/smx-000-001/broker/to/uc mid=17
2026-04-03 15:03:34,456 [INFO] backend.services.mqtt_listener:126 - Mensagem MQTT recebida. topic=/smx-000-001/uc/to/broker
2026-04-03 15:03:34,458 [INFO] backend.services.mqtt_listener:62 - 
2026-04-03 15:03:34,459 [INFO] backend.services.mqtt_listener:62 - ==========================================================================================
2026-04-03 15:03:34,459 [INFO] backend.services.mqtt_listener:62 - SYNC RESPONSE OK | smx-000-001
2026-04-03 15:03:34,460 [INFO] backend.services.mqtt_listener:62 - ------------------------------------------------------------------------------------------
2026-04-03 15:03:34,460 [INFO] backend.services.mqtt_listener:62 - current_file_index=0
2026-04-03 15:03:34,461 [INFO] backend.services.mqtt_listener:62 - path=/Raw/26-03-27.txt
2026-04-03 15:03:34,462 [INFO] backend.services.mqtt_listener:62 - offset=2250
2026-04-03 15:03:34,462 [INFO] backend.services.mqtt_listener:62 - count=150
2026-04-03 15:03:34,462 [INFO] backend.services.mqtt_listener:62 - has_more=True
2026-04-03 15:03:34,463 [INFO] backend.services.mqtt_listener:62 - next_offset=2400
2026-04-03 15:03:34,463 [INFO] backend.services.mqtt_listener:62 - ==========================================================================================
2026-04-03 15:03:34,464 [INFO] backend.services.mqtt_listener:62 - Solicitando pacote para smx-000-001: path=/Raw/26-03-27.txt offset=2400 limit=150
2026-04-03 15:03:34,464 [INFO] backend.services.mqtt_listener:417 - Mensagem MQTT publicada. topic=/smx-000-001/broker/to/uc mid=18
2026-04-03 15:03:35,685 [INFO] backend.services.mqtt_listener:126 - Mensagem MQTT recebida. topic=/smx-000-001/uc/to/broker
2026-04-03 15:03:35,688 [INFO] backend.services.mqtt_listener:62 - 
2026-04-03 15:03:35,689 [INFO] backend.services.mqtt_listener:62 - ==========================================================================================
2026-04-03 15:03:35,689 [INFO] backend.services.mqtt_listener:62 - SYNC RESPONSE OK | smx-000-001
2026-04-03 15:03:35,690 [INFO] backend.services.mqtt_listener:62 - ------------------------------------------------------------------------------------------
2026-04-03 15:03:35,690 [INFO] backend.services.mqtt_listener:62 - current_file_index=0
2026-04-03 15:03:35,691 [INFO] backend.services.mqtt_listener:62 - path=/Raw/26-03-27.txt
2026-04-03 15:03:35,691 [INFO] backend.services.mqtt_listener:62 - offset=2400
2026-04-03 15:03:35,691 [INFO] backend.services.mqtt_listener:62 - count=150
2026-04-03 15:03:35,692 [INFO] backend.services.mqtt_listener:62 - has_more=True
2026-04-03 15:03:35,692 [INFO] backend.services.mqtt_listener:62 - next_offset=2550
2026-04-03 15:03:35,692 [INFO] backend.services.mqtt_listener:62 - ==========================================================================================
2026-04-03 15:03:35,693 [INFO] backend.services.mqtt_listener:62 - Solicitando pacote para smx-000-001: path=/Raw/26-03-27.txt offset=2550 limit=150
2026-04-03 15:03:35,694 [INFO] backend.services.mqtt_listener:417 - Mensagem MQTT publicada. topic=/smx-000-001/broker/to/uc mid=19
2026-04-03 15:03:36,913 [INFO] backend.services.mqtt_listener:126 - Mensagem MQTT recebida. topic=/smx-000-001/uc/to/broker
2026-04-03 15:03:36,915 [INFO] backend.services.mqtt_listener:62 - 
2026-04-03 15:03:36,917 [INFO] backend.services.mqtt_listener:62 - ==========================================================================================
2026-04-03 15:03:36,917 [INFO] backend.services.mqtt_listener:62 - SYNC RESPONSE OK | smx-000-001
2026-04-03 15:03:36,918 [INFO] backend.services.mqtt_listener:62 - ------------------------------------------------------------------------------------------
2026-04-03 15:03:36,918 [INFO] backend.services.mqtt_listener:62 - current_file_index=0
2026-04-03 15:03:36,918 [INFO] backend.services.mqtt_listener:62 - path=/Raw/26-03-27.txt
2026-04-03 15:03:36,919 [INFO] backend.services.mqtt_listener:62 - offset=2550
2026-04-03 15:03:36,919 [INFO] backend.services.mqtt_listener:62 - count=150
2026-04-03 15:03:36,920 [INFO] backend.services.mqtt_listener:62 - has_more=True
2026-04-03 15:03:36,920 [INFO] backend.services.mqtt_listener:62 - next_offset=2700
2026-04-03 15:03:36,921 [INFO] backend.services.mqtt_listener:62 - ==========================================================================================
2026-04-03 15:03:36,921 [INFO] backend.services.mqtt_listener:62 - Solicitando pacote para smx-000-001: path=/Raw/26-03-27.txt offset=2700 limit=150
2026-04-03 15:03:36,922 [INFO] backend.services.mqtt_listener:417 - Mensagem MQTT publicada. topic=/smx-000-001/broker/to/uc mid=20
2026-04-03 15:03:38,245 [INFO] backend.services.mqtt_listener:126 - Mensagem MQTT recebida. topic=/smx-000-001/uc/to/broker
2026-04-03 15:03:38,247 [INFO] backend.services.mqtt_listener:62 - 
2026-04-03 15:03:38,250 [INFO] backend.services.mqtt_listener:62 - ==========================================================================================
2026-04-03 15:03:38,251 [INFO] backend.services.mqtt_listener:62 - SYNC RESPONSE OK | smx-000-001
2026-04-03 15:03:38,251 [INFO] backend.services.mqtt_listener:62 - ------------------------------------------------------------------------------------------
2026-04-03 15:03:38,251 [INFO] backend.services.mqtt_listener:62 - current_file_index=0
2026-04-03 15:03:38,252 [INFO] backend.services.mqtt_listener:62 - path=/Raw/26-03-27.txt
2026-04-03 15:03:38,252 [INFO] backend.services.mqtt_listener:62 - offset=2700
2026-04-03 15:03:38,253 [INFO] backend.services.mqtt_listener:62 - count=150
2026-04-03 15:03:38,253 [INFO] backend.services.mqtt_listener:62 - has_more=True
2026-04-03 15:03:38,253 [INFO] backend.services.mqtt_listener:62 - next_offset=2850
2026-04-03 15:03:38,254 [INFO] backend.services.mqtt_listener:62 - ==========================================================================================
2026-04-03 15:03:38,254 [INFO] backend.services.mqtt_listener:62 - Solicitando pacote para smx-000-001: path=/Raw/26-03-27.txt offset=2850 limit=150
2026-04-03 15:03:38,255 [INFO] backend.services.mqtt_listener:417 - Mensagem MQTT publicada. topic=/smx-000-001/broker/to/uc mid=21
2026-04-03 15:03:39,474 [INFO] backend.services.mqtt_listener:126 - Mensagem MQTT recebida. topic=/smx-000-001/uc/to/broker
2026-04-03 15:03:39,477 [INFO] backend.services.mqtt_listener:62 - 
2026-04-03 15:03:39,477 [INFO] backend.services.mqtt_listener:62 - ==========================================================================================
2026-04-03 15:03:39,478 [INFO] backend.services.mqtt_listener:62 - SYNC RESPONSE OK | smx-000-001
2026-04-03 15:03:39,479 [INFO] backend.services.mqtt_listener:62 - ------------------------------------------------------------------------------------------
2026-04-03 15:03:39,479 [INFO] backend.services.mqtt_listener:62 - current_file_index=0
2026-04-03 15:03:39,480 [INFO] backend.services.mqtt_listener:62 - path=/Raw/26-03-27.txt
2026-04-03 15:03:39,480 [INFO] backend.services.mqtt_listener:62 - offset=2850
2026-04-03 15:03:39,481 [INFO] backend.services.mqtt_listener:62 - count=150
2026-04-03 15:03:39,481 [INFO] backend.services.mqtt_listener:62 - has_more=True
2026-04-03 15:03:39,482 [INFO] backend.services.mqtt_listener:62 - next_offset=3000
2026-04-03 15:03:39,482 [INFO] backend.services.mqtt_listener:62 - ==========================================================================================
2026-04-03 15:03:39,483 [INFO] backend.services.mqtt_listener:62 - Solicitando pacote para smx-000-001: path=/Raw/26-03-27.txt offset=3000 limit=150
2026-04-03 15:03:39,483 [INFO] backend.services.mqtt_listener:417 - Mensagem MQTT publicada. topic=/smx-000-001/broker/to/uc mid=22
2026-04-03 15:03:40,703 [INFO] backend.services.mqtt_listener:126 - Mensagem MQTT recebida. topic=/smx-000-001/uc/to/broker
2026-04-03 15:03:40,705 [INFO] backend.services.mqtt_listener:62 - 
2026-04-03 15:03:40,705 [INFO] backend.services.mqtt_listener:62 - ==========================================================================================
2026-04-03 15:03:40,706 [INFO] backend.services.mqtt_listener:62 - SYNC RESPONSE OK | smx-000-001
2026-04-03 15:03:40,706 [INFO] backend.services.mqtt_listener:62 - ------------------------------------------------------------------------------------------
2026-04-03 15:03:40,706 [INFO] backend.services.mqtt_listener:62 - current_file_index=0
2026-04-03 15:03:40,707 [INFO] backend.services.mqtt_listener:62 - path=/Raw/26-03-27.txt
2026-04-03 15:03:40,707 [INFO] backend.services.mqtt_listener:62 - offset=3000
2026-04-03 15:03:40,707 [INFO] backend.services.mqtt_listener:62 - count=150
2026-04-03 15:03:40,708 [INFO] backend.services.mqtt_listener:62 - has_more=True
2026-04-03 15:03:40,708 [INFO] backend.services.mqtt_listener:62 - next_offset=3150
2026-04-03 15:03:40,709 [INFO] backend.services.mqtt_listener:62 - ==========================================================================================
2026-04-03 15:03:40,709 [INFO] backend.services.mqtt_listener:62 - Solicitando pacote para smx-000-001: path=/Raw/26-03-27.txt offset=3150 limit=150
2026-04-03 15:03:40,710 [INFO] backend.services.mqtt_listener:417 - Mensagem MQTT publicada. topic=/smx-000-001/broker/to/uc mid=23
2026-04-03 15:03:41,933 [INFO] backend.services.mqtt_listener:126 - Mensagem MQTT recebida. topic=/smx-000-001/uc/to/broker
2026-04-03 15:03:41,935 [INFO] backend.services.mqtt_listener:62 - 
2026-04-03 15:03:41,936 [INFO] backend.services.mqtt_listener:62 - ==========================================================================================
2026-04-03 15:03:41,937 [INFO] backend.services.mqtt_listener:62 - SYNC RESPONSE OK | smx-000-001
2026-04-03 15:03:41,937 [INFO] backend.services.mqtt_listener:62 - ------------------------------------------------------------------------------------------
2026-04-03 15:03:41,938 [INFO] backend.services.mqtt_listener:62 - current_file_index=0
2026-04-03 15:03:41,938 [INFO] backend.services.mqtt_listener:62 - path=/Raw/26-03-27.txt
2026-04-03 15:03:41,939 [INFO] backend.services.mqtt_listener:62 - offset=3150
2026-04-03 15:03:41,939 [INFO] backend.services.mqtt_listener:62 - count=150
2026-04-03 15:03:41,939 [INFO] backend.services.mqtt_listener:62 - has_more=True
2026-04-03 15:03:41,940 [INFO] backend.services.mqtt_listener:62 - next_offset=3300
2026-04-03 15:03:41,940 [INFO] backend.services.mqtt_listener:62 - ==========================================================================================
2026-04-03 15:03:41,941 [INFO] backend.services.mqtt_listener:62 - Solicitando pacote para smx-000-001: path=/Raw/26-03-27.txt offset=3300 limit=150
2026-04-03 15:03:41,941 [INFO] backend.services.mqtt_listener:417 - Mensagem MQTT publicada. topic=/smx-000-001/broker/to/uc mid=24
2026-04-03 15:03:43,161 [INFO] backend.services.mqtt_listener:126 - Mensagem MQTT recebida. topic=/smx-000-001/uc/to/broker
2026-04-03 15:03:43,164 [INFO] backend.services.mqtt_listener:62 - 
2026-04-03 15:03:43,164 [INFO] backend.services.mqtt_listener:62 - ==========================================================================================
2026-04-03 15:03:43,165 [INFO] backend.services.mqtt_listener:62 - SYNC RESPONSE OK | smx-000-001
2026-04-03 15:03:43,166 [INFO] backend.services.mqtt_listener:62 - ------------------------------------------------------------------------------------------
2026-04-03 15:03:43,166 [INFO] backend.services.mqtt_listener:62 - current_file_index=0
2026-04-03 15:03:43,167 [INFO] backend.services.mqtt_listener:62 - path=/Raw/26-03-27.txt
2026-04-03 15:03:43,167 [INFO] backend.services.mqtt_listener:62 - offset=3300
2026-04-03 15:03:43,167 [INFO] backend.services.mqtt_listener:62 - count=150
2026-04-03 15:03:43,168 [INFO] backend.services.mqtt_listener:62 - has_more=True
2026-04-03 15:03:43,168 [INFO] backend.services.mqtt_listener:62 - next_offset=3450
2026-04-03 15:03:43,169 [INFO] backend.services.mqtt_listener:62 - ==========================================================================================
2026-04-03 15:03:43,169 [INFO] backend.services.mqtt_listener:62 - Solicitando pacote para smx-000-001: path=/Raw/26-03-27.txt offset=3450 limit=150
2026-04-03 15:03:43,170 [INFO] backend.services.mqtt_listener:417 - Mensagem MQTT publicada. topic=/smx-000-001/broker/to/uc mid=25
2026-04-03 15:03:44,492 [INFO] backend.services.mqtt_listener:126 - Mensagem MQTT recebida. topic=/smx-000-001/uc/to/broker
2026-04-03 15:03:44,495 [INFO] backend.services.mqtt_listener:62 - 
2026-04-03 15:03:44,495 [INFO] backend.services.mqtt_listener:62 - ==========================================================================================
2026-04-03 15:03:44,496 [INFO] backend.services.mqtt_listener:62 - SYNC RESPONSE OK | smx-000-001
2026-04-03 15:03:44,496 [INFO] backend.services.mqtt_listener:62 - ------------------------------------------------------------------------------------------
2026-04-03 15:03:44,497 [INFO] backend.services.mqtt_listener:62 - current_file_index=0
2026-04-03 15:03:44,497 [INFO] backend.services.mqtt_listener:62 - path=/Raw/26-03-27.txt
2026-04-03 15:03:44,497 [INFO] backend.services.mqtt_listener:62 - offset=3450
2026-04-03 15:03:44,498 [INFO] backend.services.mqtt_listener:62 - count=150
2026-04-03 15:03:44,499 [INFO] backend.services.mqtt_listener:62 - has_more=True
2026-04-03 15:03:44,499 [INFO] backend.services.mqtt_listener:62 - next_offset=3600
2026-04-03 15:03:44,500 [INFO] backend.services.mqtt_listener:62 - ==========================================================================================
2026-04-03 15:03:44,500 [INFO] backend.services.mqtt_listener:62 - Solicitando pacote para smx-000-001: path=/Raw/26-03-27.txt offset=3600 limit=150
2026-04-03 15:03:44,501 [INFO] backend.services.mqtt_listener:417 - Mensagem MQTT publicada. topic=/smx-000-001/broker/to/uc mid=26
2026-04-03 15:03:45,718 [INFO] backend.services.mqtt_listener:126 - Mensagem MQTT recebida. topic=/smx-000-001/uc/to/broker
2026-04-03 15:03:45,720 [INFO] backend.services.mqtt_listener:62 - 
2026-04-03 15:03:45,722 [INFO] backend.services.mqtt_listener:62 - ==========================================================================================
2026-04-03 15:03:45,722 [INFO] backend.services.mqtt_listener:62 - SYNC RESPONSE OK | smx-000-001
2026-04-03 15:03:45,723 [INFO] backend.services.mqtt_listener:62 - ------------------------------------------------------------------------------------------
2026-04-03 15:03:45,723 [INFO] backend.services.mqtt_listener:62 - current_file_index=0
2026-04-03 15:03:45,724 [INFO] backend.services.mqtt_listener:62 - path=/Raw/26-03-27.txt
2026-04-03 15:03:45,724 [INFO] backend.services.mqtt_listener:62 - offset=3600
2026-04-03 15:03:45,724 [INFO] backend.services.mqtt_listener:62 - count=150
2026-04-03 15:03:45,725 [INFO] backend.services.mqtt_listener:62 - has_more=True
2026-04-03 15:03:45,725 [INFO] backend.services.mqtt_listener:62 - next_offset=3750
2026-04-03 15:03:45,726 [INFO] backend.services.mqtt_listener:62 - ==========================================================================================
2026-04-03 15:03:45,727 [INFO] backend.services.mqtt_listener:62 - Solicitando pacote para smx-000-001: path=/Raw/26-03-27.txt offset=3750 limit=150
2026-04-03 15:03:45,727 [INFO] backend.services.mqtt_listener:417 - Mensagem MQTT publicada. topic=/smx-000-001/broker/to/uc mid=27
2026-04-03 15:03:46,946 [INFO] backend.services.mqtt_listener:126 - Mensagem MQTT recebida. topic=/smx-000-001/uc/to/broker
2026-04-03 15:03:46,949 [INFO] backend.services.mqtt_listener:62 - 
2026-04-03 15:03:46,950 [INFO] backend.services.mqtt_listener:62 - ==========================================================================================
2026-04-03 15:03:46,951 [INFO] backend.services.mqtt_listener:62 - SYNC RESPONSE OK | smx-000-001
2026-04-03 15:03:46,951 [INFO] backend.services.mqtt_listener:62 - ------------------------------------------------------------------------------------------
2026-04-03 15:03:46,952 [INFO] backend.services.mqtt_listener:62 - current_file_index=0
2026-04-03 15:03:46,952 [INFO] backend.services.mqtt_listener:62 - path=/Raw/26-03-27.txt
2026-04-03 15:03:46,953 [INFO] backend.services.mqtt_listener:62 - offset=3750
2026-04-03 15:03:46,953 [INFO] backend.services.mqtt_listener:62 - count=150
2026-04-03 15:03:46,954 [INFO] backend.services.mqtt_listener:62 - has_more=True
2026-04-03 15:03:46,955 [INFO] backend.services.mqtt_listener:62 - next_offset=3900
2026-04-03 15:03:46,955 [INFO] backend.services.mqtt_listener:62 - ==========================================================================================
2026-04-03 15:03:46,956 [INFO] backend.services.mqtt_listener:62 - Solicitando pacote para smx-000-001: path=/Raw/26-03-27.txt offset=3900 limit=150
2026-04-03 15:03:46,957 [INFO] backend.services.mqtt_listener:417 - Mensagem MQTT publicada. topic=/smx-000-001/broker/to/uc mid=28
2026-04-03 15:03:48,178 [INFO] backend.services.mqtt_listener:126 - Mensagem MQTT recebida. topic=/smx-000-001/uc/to/broker
2026-04-03 15:03:48,181 [INFO] backend.services.mqtt_listener:62 - 
2026-04-03 15:03:48,181 [INFO] backend.services.mqtt_listener:62 - ==========================================================================================
2026-04-03 15:03:48,182 [INFO] backend.services.mqtt_listener:62 - SYNC RESPONSE OK | smx-000-001
2026-04-03 15:03:48,182 [INFO] backend.services.mqtt_listener:62 - ------------------------------------------------------------------------------------------
2026-04-03 15:03:48,182 [INFO] backend.services.mqtt_listener:62 - current_file_index=0
2026-04-03 15:03:48,183 [INFO] backend.services.mqtt_listener:62 - path=/Raw/26-03-27.txt
2026-04-03 15:03:48,183 [INFO] backend.services.mqtt_listener:62 - offset=3900
2026-04-03 15:03:48,184 [INFO] backend.services.mqtt_listener:62 - count=110
2026-04-03 15:03:48,185 [INFO] backend.services.mqtt_listener:62 - has_more=False
2026-04-03 15:03:48,185 [INFO] backend.services.mqtt_listener:62 - next_offset=4010
2026-04-03 15:03:48,185 [INFO] backend.services.mqtt_listener:62 - ==========================================================================================
2026-04-03 15:03:48,186 [INFO] backend.services.mqtt_listener:62 - 
2026-04-03 15:03:48,187 [INFO] backend.services.mqtt_listener:62 - ==========================================================================================
2026-04-03 15:03:48,187 [INFO] backend.services.mqtt_listener:62 - SYNC FILE DONE | smx-000-001
2026-04-03 15:03:48,188 [INFO] backend.services.mqtt_listener:62 - ------------------------------------------------------------------------------------------
2026-04-03 15:03:48,188 [INFO] backend.services.mqtt_listener:62 - Arquivo concluido: /Raw/26-03-27.txt
2026-04-03 15:03:48,188 [INFO] backend.services.mqtt_listener:62 - current_file_index antes do incremento=0
2026-04-03 15:03:48,189 [INFO] backend.services.mqtt_listener:62 - Proximo passo real esperado: avisar UC para excluir o arquivo.
2026-04-03 15:03:48,189 [INFO] backend.services.mqtt_listener:62 - ==========================================================================================
2026-04-03 15:03:48,190 [INFO] backend.services.mqtt_listener:62 - 
2026-04-03 15:03:48,191 [INFO] backend.services.mqtt_listener:62 - ==========================================================================================
2026-04-03 15:03:48,191 [INFO] backend.services.mqtt_listener:62 - SYNC NEXT FILE | smx-000-001
2026-04-03 15:03:48,192 [INFO] backend.services.mqtt_listener:62 - ------------------------------------------------------------------------------------------
2026-04-03 15:03:48,192 [INFO] backend.services.mqtt_listener:62 - current_file_index depois do incremento=1
2026-04-03 15:03:48,193 [INFO] backend.services.mqtt_listener:62 - ==========================================================================================
2026-04-03 15:03:48,194 [INFO] backend.services.mqtt_listener:62 - 
2026-04-03 15:03:48,194 [INFO] backend.services.mqtt_listener:62 - ==========================================================================================
2026-04-03 15:03:48,194 [INFO] backend.services.mqtt_listener:62 - SYNC REQUEST NEXT | smx-000-001
2026-04-03 15:03:48,195 [INFO] backend.services.mqtt_listener:62 - ------------------------------------------------------------------------------------------
2026-04-03 15:03:48,195 [INFO] backend.services.mqtt_listener:62 - current_file_index=1
2026-04-03 15:03:48,195 [INFO] backend.services.mqtt_listener:62 - path=/Raw/default.txt
2026-04-03 15:03:48,196 [INFO] backend.services.mqtt_listener:62 - registers=233
2026-04-03 15:03:48,196 [INFO] backend.services.mqtt_listener:62 - offset=0
2026-04-03 15:03:48,197 [INFO] backend.services.mqtt_listener:62 - limit=150
2026-04-03 15:03:48,197 [INFO] backend.services.mqtt_listener:62 - ==========================================================================================
2026-04-03 15:03:48,198 [INFO] backend.services.mqtt_listener:62 - Solicitando pacote para smx-000-001: path=/Raw/default.txt offset=0 limit=150
2026-04-03 15:03:48,202 [INFO] backend.services.mqtt_listener:417 - Mensagem MQTT publicada. topic=/smx-000-001/broker/to/uc mid=29
2026-04-03 15:03:49,202 [INFO] backend.services.mqtt_listener:126 - Mensagem MQTT recebida. topic=/smx-000-001/uc/to/broker
2026-04-03 15:03:49,205 [INFO] backend.services.mqtt_listener:62 - 
2026-04-03 15:03:49,205 [INFO] backend.services.mqtt_listener:62 - ==========================================================================================
2026-04-03 15:03:49,206 [INFO] backend.services.mqtt_listener:62 - SYNC RESPONSE OK | smx-000-001
2026-04-03 15:03:49,206 [INFO] backend.services.mqtt_listener:62 - ------------------------------------------------------------------------------------------
2026-04-03 15:03:49,207 [INFO] backend.services.mqtt_listener:62 - current_file_index=1
2026-04-03 15:03:49,207 [INFO] backend.services.mqtt_listener:62 - path=/Raw/default.txt
2026-04-03 15:03:49,207 [INFO] backend.services.mqtt_listener:62 - offset=0
2026-04-03 15:03:49,208 [INFO] backend.services.mqtt_listener:62 - count=150
2026-04-03 15:03:49,208 [INFO] backend.services.mqtt_listener:62 - has_more=True
2026-04-03 15:03:49,209 [INFO] backend.services.mqtt_listener:62 - next_offset=150
2026-04-03 15:03:49,209 [INFO] backend.services.mqtt_listener:62 - ==========================================================================================
2026-04-03 15:03:49,210 [INFO] backend.services.mqtt_listener:62 - Solicitando pacote para smx-000-001: path=/Raw/default.txt offset=150 limit=150
2026-04-03 15:03:49,210 [INFO] backend.services.mqtt_listener:417 - Mensagem MQTT publicada. topic=/smx-000-001/broker/to/uc mid=30
2026-04-03 15:03:53,486 [WARNING] backend.services.mqtt_listener:62 - Payload descartado por falha ao decodificar JSON UTF-8. topic=/smx-000-001/uc/to/broker
2026-04-03 15:03:53,493 [WARNING] backend.services.mqtt_listener:62 - 
2026-04-03 15:03:53,494 [WARNING] backend.services.mqtt_listener:62 - ==========================================================================================
2026-04-03 15:03:53,495 [WARNING] backend.services.mqtt_listener:62 - SYNC RETRY | smx-000-001
2026-04-03 15:03:53,496 [WARNING] backend.services.mqtt_listener:62 - ------------------------------------------------------------------------------------------
2026-04-03 15:03:53,496 [WARNING] backend.services.mqtt_listener:62 - path=/Raw/default.txt
2026-04-03 15:03:53,497 [WARNING] backend.services.mqtt_listener:62 - offset=150
2026-04-03 15:03:53,497 [WARNING] backend.services.mqtt_listener:62 - limit=150
2026-04-03 15:03:53,499 [WARNING] backend.services.mqtt_listener:62 - current_file_index=1
2026-04-03 15:03:53,499 [WARNING] backend.services.mqtt_listener:62 - ==========================================================================================
2026-04-03 15:03:53,500 [INFO] backend.services.mqtt_listener:62 - Solicitando pacote para smx-000-001: path=/Raw/default.txt offset=150 limit=150
2026-04-03 15:03:53,501 [INFO] backend.services.mqtt_listener:417 - Mensagem MQTT publicada. topic=/smx-000-001/broker/to/uc mid=31
2026-04-03 15:03:54,322 [WARNING] backend.services.mqtt_listener:62 - Payload descartado por falha ao decodificar JSON UTF-8. topic=/smx-000-001/uc/to/broker
2026-04-03 15:03:54,325 [WARNING] backend.services.mqtt_listener:62 - 
2026-04-03 15:03:54,325 [WARNING] backend.services.mqtt_listener:62 - ==========================================================================================
2026-04-03 15:03:54,326 [WARNING] backend.services.mqtt_listener:62 - SYNC RETRY | smx-000-001
2026-04-03 15:03:54,326 [WARNING] backend.services.mqtt_listener:62 - ------------------------------------------------------------------------------------------
2026-04-03 15:03:54,326 [WARNING] backend.services.mqtt_listener:62 - path=/Raw/default.txt
2026-04-03 15:03:54,327 [WARNING] backend.services.mqtt_listener:62 - offset=150
2026-04-03 15:03:54,327 [WARNING] backend.services.mqtt_listener:62 - limit=150
2026-04-03 15:03:54,327 [WARNING] backend.services.mqtt_listener:62 - current_file_index=1
2026-04-03 15:03:54,328 [WARNING] backend.services.mqtt_listener:62 - ==========================================================================================
2026-04-03 15:03:54,329 [INFO] backend.services.mqtt_listener:62 - Solicitando pacote para smx-000-001: path=/Raw/default.txt offset=150 limit=150
2026-04-03 15:03:54,329 [INFO] backend.services.mqtt_listener:417 - Mensagem MQTT publicada. topic=/smx-000-001/broker/to/uc mid=32
2026-04-03 15:03:55,243 [WARNING] backend.services.mqtt_listener:62 - Payload descartado por falha ao decodificar JSON UTF-8. topic=/smx-000-001/uc/to/broker
2026-04-03 15:03:55,246 [WARNING] backend.services.mqtt_listener:62 - 
2026-04-03 15:03:55,247 [WARNING] backend.services.mqtt_listener:62 - ==========================================================================================
2026-04-03 15:03:55,247 [WARNING] backend.services.mqtt_listener:62 - SYNC RETRY | smx-000-001
2026-04-03 15:03:55,248 [WARNING] backend.services.mqtt_listener:62 - ------------------------------------------------------------------------------------------
2026-04-03 15:03:55,248 [WARNING] backend.services.mqtt_listener:62 - path=/Raw/default.txt
2026-04-03 15:03:55,248 [WARNING] backend.services.mqtt_listener:62 - offset=150
2026-04-03 15:03:55,249 [WARNING] backend.services.mqtt_listener:62 - limit=150
2026-04-03 15:03:55,249 [WARNING] backend.services.mqtt_listener:62 - current_file_index=1
2026-04-03 15:03:55,250 [WARNING] backend.services.mqtt_listener:62 - ==========================================================================================
2026-04-03 15:03:55,250 [INFO] backend.services.mqtt_listener:62 - Solicitando pacote para smx-000-001: path=/Raw/default.txt offset=150 limit=150
2026-04-03 15:03:55,251 [INFO] backend.services.mqtt_listener:417 - Mensagem MQTT publicada. topic=/smx-000-001/broker/to/uc mid=33
2026-04-03 15:03:56,267 [WARNING] backend.services.mqtt_listener:62 - Payload descartado por falha ao decodificar JSON UTF-8. topic=/smx-000-001/uc/to/broker
2026-04-03 15:03:56,270 [WARNING] backend.services.mqtt_listener:62 - 
2026-04-03 15:03:56,271 [WARNING] backend.services.mqtt_listener:62 - ==========================================================================================
2026-04-03 15:03:56,272 [WARNING] backend.services.mqtt_listener:62 - SYNC RETRY | smx-000-001
2026-04-03 15:03:56,272 [WARNING] backend.services.mqtt_listener:62 - ------------------------------------------------------------------------------------------
2026-04-03 15:03:56,273 [WARNING] backend.services.mqtt_listener:62 - path=/Raw/default.txt
2026-04-03 15:03:56,273 [WARNING] backend.services.mqtt_listener:62 - offset=150
2026-04-03 15:03:56,274 [WARNING] backend.services.mqtt_listener:62 - limit=150
2026-04-03 15:03:56,274 [WARNING] backend.services.mqtt_listener:62 - current_file_index=1
2026-04-03 15:03:56,274 [WARNING] backend.services.mqtt_listener:62 - ==========================================================================================
2026-04-03 15:03:56,275 [INFO] backend.services.mqtt_listener:62 - Solicitando pacote para smx-000-001: path=/Raw/default.txt offset=150 limit=150
2026-04-03 15:03:56,276 [INFO] backend.services.mqtt_listener:417 - Mensagem MQTT publicada. topic=/smx-000-001/broker/to/uc mid=34
2026-04-03 15:03:57,187 [WARNING] backend.services.mqtt_listener:62 - Payload descartado por falha ao decodificar JSON UTF-8. topic=/smx-000-001/uc/to/broker
2026-04-03 15:03:57,190 [WARNING] backend.services.mqtt_listener:62 - 
2026-04-03 15:03:57,191 [WARNING] backend.services.mqtt_listener:62 - ==========================================================================================
2026-04-03 15:03:57,191 [WARNING] backend.services.mqtt_listener:62 - SYNC RETRY | smx-000-001
2026-04-03 15:03:57,192 [WARNING] backend.services.mqtt_listener:62 - ------------------------------------------------------------------------------------------
2026-04-03 15:03:57,192 [WARNING] backend.services.mqtt_listener:62 - path=/Raw/default.txt
2026-04-03 15:03:57,193 [WARNING] backend.services.mqtt_listener:62 - offset=150
2026-04-03 15:03:57,193 [WARNING] backend.services.mqtt_listener:62 - limit=150
2026-04-03 15:03:57,193 [WARNING] backend.services.mqtt_listener:62 - current_file_index=1
2026-04-03 15:03:57,194 [WARNING] backend.services.mqtt_listener:62 - ==========================================================================================
2026-04-03 15:03:57,195 [INFO] backend.services.mqtt_listener:62 - Solicitando pacote para smx-000-001: path=/Raw/default.txt offset=150 limit=150
2026-04-03 15:03:57,195 [INFO] backend.services.mqtt_listener:417 - Mensagem MQTT publicada. topic=/smx-000-001/broker/to/uc mid=35
2026-04-03 15:03:58,197 [INFO] backend.services.mqtt_listener:91 - Listener MQTT interrompido manualmente.
2026-04-03 15:07:47,590 [INFO] backend.services.mqtt_listener:83 - Iniciando listener MQTT. broker=slock.com.br:1883 subscriptions=1
2026-04-03 15:07:47,894 [INFO] backend.services.mqtt_listener:99 - MQTT conectado. rc=0
2026-04-03 15:07:47,895 [INFO] backend.services.mqtt_listener:102 - MQTT inscrito. automation=smx-000-001 topic=/smx-000-001/uc/to/broker
2026-04-03 15:08:09,524 [INFO] backend.services.mqtt_listener:127 - Mensagem MQTT recebida. topic=/smx-000-001/uc/to/broker
2026-04-03 15:08:09,524 [INFO] backend.services.mqtt_listener:63 - Nenhuma rotina de sync aplicada para automation=smx-000-001.
2026-04-03 15:08:11,364 [WARNING] backend.services.mqtt_listener:63 - Payload descartado por falha ao decodificar JSON UTF-8. topic=/smx-000-001/uc/to/broker
2026-04-03 15:08:11,365 [WARNING] backend.services.mqtt_listener:63 - Nao existe pacote pendente para repetir em smx-000-001.
2026-04-03 15:08:19,877 [INFO] backend.services.mqtt_listener:127 - Mensagem MQTT recebida. topic=/smx-000-001/uc/to/broker
2026-04-03 15:08:19,878 [INFO] backend.services.mqtt_listener:63 - 
2026-04-03 15:08:19,878 [INFO] backend.services.mqtt_listener:63 - ==========================================================================================
2026-04-03 15:08:19,878 [INFO] backend.services.mqtt_listener:63 - SYNC INVENTORY | smx-000-001
2026-04-03 15:08:19,878 [INFO] backend.services.mqtt_listener:63 - ------------------------------------------------------------------------------------------
2026-04-03 15:08:19,878 [INFO] backend.services.mqtt_listener:63 - Arquivos recebidos: 5
2026-04-03 15:08:19,878 [INFO] backend.services.mqtt_listener:63 - Lista:
2026-04-03 15:08:19,879 [INFO] backend.services.mqtt_listener:63 - [0] path=/Raw/26-03-27.txt registers=4010
2026-04-03 15:08:19,879 [INFO] backend.services.mqtt_listener:63 - [1] path=/Raw/default.txt registers=233
2026-04-03 15:08:19,879 [INFO] backend.services.mqtt_listener:63 - [2] path=/Raw/26-04-01.txt registers=4721
2026-04-03 15:08:19,879 [INFO] backend.services.mqtt_listener:63 - [3] path=/Raw/26-00-01.txt registers=120
2026-04-03 15:08:19,879 [INFO] backend.services.mqtt_listener:63 - [4] path=/Raw/26-04-02.txt registers=273
2026-04-03 15:08:19,879 [INFO] backend.services.mqtt_listener:63 - ==========================================================================================
2026-04-03 15:08:19,880 [INFO] backend.services.mqtt_listener:63 - 
2026-04-03 15:08:19,881 [INFO] backend.services.mqtt_listener:63 - ==========================================================================================
2026-04-03 15:08:19,882 [INFO] backend.services.mqtt_listener:63 - SYNC REQUEST NEXT | smx-000-001
2026-04-03 15:08:19,882 [INFO] backend.services.mqtt_listener:63 - ------------------------------------------------------------------------------------------
2026-04-03 15:08:19,883 [INFO] backend.services.mqtt_listener:63 - current_file_index=0
2026-04-03 15:08:19,883 [INFO] backend.services.mqtt_listener:63 - path=/Raw/26-03-27.txt
2026-04-03 15:08:19,884 [INFO] backend.services.mqtt_listener:63 - registers=4010
2026-04-03 15:08:19,884 [INFO] backend.services.mqtt_listener:63 - offset=0
2026-04-03 15:08:19,884 [INFO] backend.services.mqtt_listener:63 - limit=150
2026-04-03 15:08:19,885 [INFO] backend.services.mqtt_listener:63 - ==========================================================================================
2026-04-03 15:08:19,886 [INFO] backend.services.mqtt_listener:63 - Solicitando pacote para smx-000-001: path=/Raw/26-03-27.txt offset=0 limit=150
2026-04-03 15:08:19,886 [INFO] backend.services.mqtt_listener:446 - Mensagem MQTT publicada. topic=/smx-000-001/broker/to/uc mid=2
2026-04-03 15:08:21,397 [INFO] backend.services.mqtt_listener:127 - Mensagem MQTT recebida. topic=/smx-000-001/uc/to/broker
2026-04-03 15:08:21,400 [INFO] backend.services.mqtt_listener:63 - 
2026-04-03 15:08:21,400 [INFO] backend.services.mqtt_listener:63 - ==========================================================================================
2026-04-03 15:08:21,400 [INFO] backend.services.mqtt_listener:63 - SYNC RESPONSE OK | smx-000-001
2026-04-03 15:08:21,401 [INFO] backend.services.mqtt_listener:63 - ------------------------------------------------------------------------------------------
2026-04-03 15:08:21,401 [INFO] backend.services.mqtt_listener:63 - current_file_index=0
2026-04-03 15:08:21,401 [INFO] backend.services.mqtt_listener:63 - path=/Raw/26-03-27.txt
2026-04-03 15:08:21,402 [INFO] backend.services.mqtt_listener:63 - offset=0
2026-04-03 15:08:21,402 [INFO] backend.services.mqtt_listener:63 - count=150
2026-04-03 15:08:21,402 [INFO] backend.services.mqtt_listener:63 - has_more=True
2026-04-03 15:08:21,403 [INFO] backend.services.mqtt_listener:63 - next_offset=150
2026-04-03 15:08:21,403 [INFO] backend.services.mqtt_listener:63 - ==========================================================================================
2026-04-03 15:08:21,404 [INFO] backend.services.mqtt_listener:63 - Solicitando pacote para smx-000-001: path=/Raw/26-03-27.txt offset=150 limit=150
2026-04-03 15:08:21,405 [INFO] backend.services.mqtt_listener:446 - Mensagem MQTT publicada. topic=/smx-000-001/broker/to/uc mid=3
2026-04-03 15:08:22,531 [INFO] backend.services.mqtt_listener:127 - Mensagem MQTT recebida. topic=/smx-000-001/uc/to/broker
2026-04-03 15:08:22,534 [INFO] backend.services.mqtt_listener:63 - 
2026-04-03 15:08:22,534 [INFO] backend.services.mqtt_listener:63 - ==========================================================================================
2026-04-03 15:08:22,535 [INFO] backend.services.mqtt_listener:63 - SYNC RESPONSE OK | smx-000-001
2026-04-03 15:08:22,535 [INFO] backend.services.mqtt_listener:63 - ------------------------------------------------------------------------------------------
2026-04-03 15:08:22,535 [INFO] backend.services.mqtt_listener:63 - current_file_index=0
2026-04-03 15:08:22,536 [INFO] backend.services.mqtt_listener:63 - path=/Raw/26-03-27.txt
2026-04-03 15:08:22,536 [INFO] backend.services.mqtt_listener:63 - offset=150
2026-04-03 15:08:22,537 [INFO] backend.services.mqtt_listener:63 - count=150
2026-04-03 15:08:22,537 [INFO] backend.services.mqtt_listener:63 - has_more=True
2026-04-03 15:08:22,537 [INFO] backend.services.mqtt_listener:63 - next_offset=300
2026-04-03 15:08:22,538 [INFO] backend.services.mqtt_listener:63 - ==========================================================================================
2026-04-03 15:08:22,538 [INFO] backend.services.mqtt_listener:63 - Solicitando pacote para smx-000-001: path=/Raw/26-03-27.txt offset=300 limit=150
2026-04-03 15:08:22,539 [INFO] backend.services.mqtt_listener:446 - Mensagem MQTT publicada. topic=/smx-000-001/broker/to/uc mid=4
2026-04-03 15:08:23,651 [INFO] backend.services.mqtt_listener:127 - Mensagem MQTT recebida. topic=/smx-000-001/uc/to/broker
2026-04-03 15:08:23,653 [INFO] backend.services.mqtt_listener:63 - 
2026-04-03 15:08:23,654 [INFO] backend.services.mqtt_listener:63 - ==========================================================================================
2026-04-03 15:08:23,655 [INFO] backend.services.mqtt_listener:63 - SYNC RESPONSE OK | smx-000-001
2026-04-03 15:08:23,655 [INFO] backend.services.mqtt_listener:63 - ------------------------------------------------------------------------------------------
2026-04-03 15:08:23,656 [INFO] backend.services.mqtt_listener:63 - current_file_index=0
2026-04-03 15:08:23,656 [INFO] backend.services.mqtt_listener:63 - path=/Raw/26-03-27.txt
2026-04-03 15:08:23,656 [INFO] backend.services.mqtt_listener:63 - offset=300
2026-04-03 15:08:23,657 [INFO] backend.services.mqtt_listener:63 - count=150
2026-04-03 15:08:23,657 [INFO] backend.services.mqtt_listener:63 - has_more=True
2026-04-03 15:08:23,658 [INFO] backend.services.mqtt_listener:63 - next_offset=450
2026-04-03 15:08:23,658 [INFO] backend.services.mqtt_listener:63 - ==========================================================================================
2026-04-03 15:08:23,659 [INFO] backend.services.mqtt_listener:63 - Solicitando pacote para smx-000-001: path=/Raw/26-03-27.txt offset=450 limit=150
2026-04-03 15:08:23,659 [INFO] backend.services.mqtt_listener:446 - Mensagem MQTT publicada. topic=/smx-000-001/broker/to/uc mid=5
2026-04-03 15:08:24,986 [INFO] backend.services.mqtt_listener:127 - Mensagem MQTT recebida. topic=/smx-000-001/uc/to/broker
2026-04-03 15:08:24,989 [INFO] backend.services.mqtt_listener:63 - 
2026-04-03 15:08:24,989 [INFO] backend.services.mqtt_listener:63 - ==========================================================================================
2026-04-03 15:08:24,990 [INFO] backend.services.mqtt_listener:63 - SYNC RESPONSE OK | smx-000-001
2026-04-03 15:08:24,990 [INFO] backend.services.mqtt_listener:63 - ------------------------------------------------------------------------------------------
2026-04-03 15:08:24,991 [INFO] backend.services.mqtt_listener:63 - current_file_index=0
2026-04-03 15:08:24,991 [INFO] backend.services.mqtt_listener:63 - path=/Raw/26-03-27.txt
2026-04-03 15:08:24,991 [INFO] backend.services.mqtt_listener:63 - offset=450
2026-04-03 15:08:24,992 [INFO] backend.services.mqtt_listener:63 - count=150
2026-04-03 15:08:24,992 [INFO] backend.services.mqtt_listener:63 - has_more=True
2026-04-03 15:08:24,993 [INFO] backend.services.mqtt_listener:63 - next_offset=600
2026-04-03 15:08:24,993 [INFO] backend.services.mqtt_listener:63 - ==========================================================================================
2026-04-03 15:08:24,994 [INFO] backend.services.mqtt_listener:63 - Solicitando pacote para smx-000-001: path=/Raw/26-03-27.txt offset=600 limit=150
2026-04-03 15:08:24,995 [INFO] backend.services.mqtt_listener:446 - Mensagem MQTT publicada. topic=/smx-000-001/broker/to/uc mid=6
2026-04-03 15:08:26,212 [INFO] backend.services.mqtt_listener:127 - Mensagem MQTT recebida. topic=/smx-000-001/uc/to/broker
2026-04-03 15:08:26,215 [INFO] backend.services.mqtt_listener:63 - 
2026-04-03 15:08:26,216 [INFO] backend.services.mqtt_listener:63 - ==========================================================================================
2026-04-03 15:08:26,216 [INFO] backend.services.mqtt_listener:63 - SYNC RESPONSE OK | smx-000-001
2026-04-03 15:08:26,217 [INFO] backend.services.mqtt_listener:63 - ------------------------------------------------------------------------------------------
2026-04-03 15:08:26,217 [INFO] backend.services.mqtt_listener:63 - current_file_index=0
2026-04-03 15:08:26,218 [INFO] backend.services.mqtt_listener:63 - path=/Raw/26-03-27.txt
2026-04-03 15:08:26,218 [INFO] backend.services.mqtt_listener:63 - offset=600
2026-04-03 15:08:26,219 [INFO] backend.services.mqtt_listener:63 - count=150
2026-04-03 15:08:26,219 [INFO] backend.services.mqtt_listener:63 - has_more=True
2026-04-03 15:08:26,219 [INFO] backend.services.mqtt_listener:63 - next_offset=750
2026-04-03 15:08:26,220 [INFO] backend.services.mqtt_listener:63 - ==========================================================================================
2026-04-03 15:08:26,221 [INFO] backend.services.mqtt_listener:63 - Solicitando pacote para smx-000-001: path=/Raw/26-03-27.txt offset=750 limit=150
2026-04-03 15:08:26,221 [INFO] backend.services.mqtt_listener:446 - Mensagem MQTT publicada. topic=/smx-000-001/broker/to/uc mid=7
2026-04-03 15:08:27,440 [INFO] backend.services.mqtt_listener:127 - Mensagem MQTT recebida. topic=/smx-000-001/uc/to/broker
2026-04-03 15:08:27,443 [INFO] backend.services.mqtt_listener:63 - 
2026-04-03 15:08:27,444 [INFO] backend.services.mqtt_listener:63 - ==========================================================================================
2026-04-03 15:08:27,444 [INFO] backend.services.mqtt_listener:63 - SYNC RESPONSE OK | smx-000-001
2026-04-03 15:08:27,444 [INFO] backend.services.mqtt_listener:63 - ------------------------------------------------------------------------------------------
2026-04-03 15:08:27,445 [INFO] backend.services.mqtt_listener:63 - current_file_index=0
2026-04-03 15:08:27,445 [INFO] backend.services.mqtt_listener:63 - path=/Raw/26-03-27.txt
2026-04-03 15:08:27,446 [INFO] backend.services.mqtt_listener:63 - offset=750
2026-04-03 15:08:27,446 [INFO] backend.services.mqtt_listener:63 - count=150
2026-04-03 15:08:27,446 [INFO] backend.services.mqtt_listener:63 - has_more=True
2026-04-03 15:08:27,447 [INFO] backend.services.mqtt_listener:63 - next_offset=900
2026-04-03 15:08:27,447 [INFO] backend.services.mqtt_listener:63 - ==========================================================================================
2026-04-03 15:08:27,448 [INFO] backend.services.mqtt_listener:63 - Solicitando pacote para smx-000-001: path=/Raw/26-03-27.txt offset=900 limit=150
2026-04-03 15:08:27,448 [INFO] backend.services.mqtt_listener:446 - Mensagem MQTT publicada. topic=/smx-000-001/broker/to/uc mid=8
2026-04-03 15:08:28,578 [INFO] backend.services.mqtt_listener:127 - Mensagem MQTT recebida. topic=/smx-000-001/uc/to/broker
2026-04-03 15:08:28,580 [INFO] backend.services.mqtt_listener:63 - 
2026-04-03 15:08:28,582 [INFO] backend.services.mqtt_listener:63 - ==========================================================================================
2026-04-03 15:08:28,582 [INFO] backend.services.mqtt_listener:63 - SYNC RESPONSE OK | smx-000-001
2026-04-03 15:08:28,583 [INFO] backend.services.mqtt_listener:63 - ------------------------------------------------------------------------------------------
2026-04-03 15:08:28,583 [INFO] backend.services.mqtt_listener:63 - current_file_index=0
2026-04-03 15:08:28,583 [INFO] backend.services.mqtt_listener:63 - path=/Raw/26-03-27.txt
2026-04-03 15:08:28,584 [INFO] backend.services.mqtt_listener:63 - offset=900
2026-04-03 15:08:28,584 [INFO] backend.services.mqtt_listener:63 - count=150
2026-04-03 15:08:28,585 [INFO] backend.services.mqtt_listener:63 - has_more=True
2026-04-03 15:08:28,585 [INFO] backend.services.mqtt_listener:63 - next_offset=1050
2026-04-03 15:08:28,586 [INFO] backend.services.mqtt_listener:63 - ==========================================================================================
2026-04-03 15:08:28,587 [INFO] backend.services.mqtt_listener:63 - Solicitando pacote para smx-000-001: path=/Raw/26-03-27.txt offset=1050 limit=150
2026-04-03 15:08:28,587 [INFO] backend.services.mqtt_listener:446 - Mensagem MQTT publicada. topic=/smx-000-001/broker/to/uc mid=9
2026-04-03 15:08:29,692 [INFO] backend.services.mqtt_listener:127 - Mensagem MQTT recebida. topic=/smx-000-001/uc/to/broker
2026-04-03 15:08:29,694 [INFO] backend.services.mqtt_listener:63 - 
2026-04-03 15:08:29,695 [INFO] backend.services.mqtt_listener:63 - ==========================================================================================
2026-04-03 15:08:29,695 [INFO] backend.services.mqtt_listener:63 - SYNC RESPONSE OK | smx-000-001
2026-04-03 15:08:29,696 [INFO] backend.services.mqtt_listener:63 - ------------------------------------------------------------------------------------------
2026-04-03 15:08:29,696 [INFO] backend.services.mqtt_listener:63 - current_file_index=0
2026-04-03 15:08:29,696 [INFO] backend.services.mqtt_listener:63 - path=/Raw/26-03-27.txt
2026-04-03 15:08:29,697 [INFO] backend.services.mqtt_listener:63 - offset=1050
2026-04-03 15:08:29,697 [INFO] backend.services.mqtt_listener:63 - count=150
2026-04-03 15:08:29,698 [INFO] backend.services.mqtt_listener:63 - has_more=True
2026-04-03 15:08:29,698 [INFO] backend.services.mqtt_listener:63 - next_offset=1200
2026-04-03 15:08:29,699 [INFO] backend.services.mqtt_listener:63 - ==========================================================================================
2026-04-03 15:08:29,700 [INFO] backend.services.mqtt_listener:63 - Solicitando pacote para smx-000-001: path=/Raw/26-03-27.txt offset=1200 limit=150
2026-04-03 15:08:29,700 [INFO] backend.services.mqtt_listener:446 - Mensagem MQTT publicada. topic=/smx-000-001/broker/to/uc mid=10
2026-04-03 15:08:31,025 [INFO] backend.services.mqtt_listener:127 - Mensagem MQTT recebida. topic=/smx-000-001/uc/to/broker
2026-04-03 15:08:31,028 [INFO] backend.services.mqtt_listener:63 - 
2026-04-03 15:08:31,028 [INFO] backend.services.mqtt_listener:63 - ==========================================================================================
2026-04-03 15:08:31,029 [INFO] backend.services.mqtt_listener:63 - SYNC RESPONSE OK | smx-000-001
2026-04-03 15:08:31,029 [INFO] backend.services.mqtt_listener:63 - ------------------------------------------------------------------------------------------
2026-04-03 15:08:31,030 [INFO] backend.services.mqtt_listener:63 - current_file_index=0
2026-04-03 15:08:31,030 [INFO] backend.services.mqtt_listener:63 - path=/Raw/26-03-27.txt
2026-04-03 15:08:31,030 [INFO] backend.services.mqtt_listener:63 - offset=1200
2026-04-03 15:08:31,031 [INFO] backend.services.mqtt_listener:63 - count=150
2026-04-03 15:08:31,031 [INFO] backend.services.mqtt_listener:63 - has_more=True
2026-04-03 15:08:31,031 [INFO] backend.services.mqtt_listener:63 - next_offset=1350
2026-04-03 15:08:31,032 [INFO] backend.services.mqtt_listener:63 - ==========================================================================================
2026-04-03 15:08:31,033 [INFO] backend.services.mqtt_listener:63 - Solicitando pacote para smx-000-001: path=/Raw/26-03-27.txt offset=1350 limit=150
2026-04-03 15:08:31,033 [INFO] backend.services.mqtt_listener:446 - Mensagem MQTT publicada. topic=/smx-000-001/broker/to/uc mid=11
2026-04-03 15:08:32,254 [INFO] backend.services.mqtt_listener:127 - Mensagem MQTT recebida. topic=/smx-000-001/uc/to/broker
2026-04-03 15:08:32,257 [INFO] backend.services.mqtt_listener:63 - 
2026-04-03 15:08:32,257 [INFO] backend.services.mqtt_listener:63 - ==========================================================================================
2026-04-03 15:08:32,257 [INFO] backend.services.mqtt_listener:63 - SYNC RESPONSE OK | smx-000-001
2026-04-03 15:08:32,258 [INFO] backend.services.mqtt_listener:63 - ------------------------------------------------------------------------------------------
2026-04-03 15:08:32,258 [INFO] backend.services.mqtt_listener:63 - current_file_index=0
2026-04-03 15:08:32,258 [INFO] backend.services.mqtt_listener:63 - path=/Raw/26-03-27.txt
2026-04-03 15:08:32,259 [INFO] backend.services.mqtt_listener:63 - offset=1350
2026-04-03 15:08:32,259 [INFO] backend.services.mqtt_listener:63 - count=150
2026-04-03 15:08:32,260 [INFO] backend.services.mqtt_listener:63 - has_more=True
2026-04-03 15:08:32,260 [INFO] backend.services.mqtt_listener:63 - next_offset=1500
2026-04-03 15:08:32,260 [INFO] backend.services.mqtt_listener:63 - ==========================================================================================
2026-04-03 15:08:32,261 [INFO] backend.services.mqtt_listener:63 - Solicitando pacote para smx-000-001: path=/Raw/26-03-27.txt offset=1500 limit=150
2026-04-03 15:08:32,262 [INFO] backend.services.mqtt_listener:446 - Mensagem MQTT publicada. topic=/smx-000-001/broker/to/uc mid=12
2026-04-03 15:08:33,482 [INFO] backend.services.mqtt_listener:127 - Mensagem MQTT recebida. topic=/smx-000-001/uc/to/broker
2026-04-03 15:08:33,485 [INFO] backend.services.mqtt_listener:63 - 
2026-04-03 15:08:33,486 [INFO] backend.services.mqtt_listener:63 - ==========================================================================================
2026-04-03 15:08:33,486 [INFO] backend.services.mqtt_listener:63 - SYNC RESPONSE OK | smx-000-001
2026-04-03 15:08:33,486 [INFO] backend.services.mqtt_listener:63 - ------------------------------------------------------------------------------------------
2026-04-03 15:08:33,487 [INFO] backend.services.mqtt_listener:63 - current_file_index=0
2026-04-03 15:08:33,488 [INFO] backend.services.mqtt_listener:63 - path=/Raw/26-03-27.txt
2026-04-03 15:08:33,488 [INFO] backend.services.mqtt_listener:63 - offset=1500
2026-04-03 15:08:33,489 [INFO] backend.services.mqtt_listener:63 - count=150
2026-04-03 15:08:33,489 [INFO] backend.services.mqtt_listener:63 - has_more=True
2026-04-03 15:08:33,489 [INFO] backend.services.mqtt_listener:63 - next_offset=1650
2026-04-03 15:08:33,490 [INFO] backend.services.mqtt_listener:63 - ==========================================================================================
2026-04-03 15:08:33,490 [INFO] backend.services.mqtt_listener:63 - Solicitando pacote para smx-000-001: path=/Raw/26-03-27.txt offset=1650 limit=150
2026-04-03 15:08:33,491 [INFO] backend.services.mqtt_listener:446 - Mensagem MQTT publicada. topic=/smx-000-001/broker/to/uc mid=13
2026-04-03 15:08:34,711 [INFO] backend.services.mqtt_listener:127 - Mensagem MQTT recebida. topic=/smx-000-001/uc/to/broker
2026-04-03 15:08:34,714 [INFO] backend.services.mqtt_listener:63 - 
2026-04-03 15:08:34,714 [INFO] backend.services.mqtt_listener:63 - ==========================================================================================
2026-04-03 15:08:34,715 [INFO] backend.services.mqtt_listener:63 - SYNC RESPONSE OK | smx-000-001
2026-04-03 15:08:34,715 [INFO] backend.services.mqtt_listener:63 - ------------------------------------------------------------------------------------------
2026-04-03 15:08:34,715 [INFO] backend.services.mqtt_listener:63 - current_file_index=0
2026-04-03 15:08:34,716 [INFO] backend.services.mqtt_listener:63 - path=/Raw/26-03-27.txt
2026-04-03 15:08:34,716 [INFO] backend.services.mqtt_listener:63 - offset=1650
2026-04-03 15:08:34,717 [INFO] backend.services.mqtt_listener:63 - count=150
2026-04-03 15:08:34,717 [INFO] backend.services.mqtt_listener:63 - has_more=True
2026-04-03 15:08:34,717 [INFO] backend.services.mqtt_listener:63 - next_offset=1800
2026-04-03 15:08:34,718 [INFO] backend.services.mqtt_listener:63 - ==========================================================================================
2026-04-03 15:08:34,718 [INFO] backend.services.mqtt_listener:63 - Solicitando pacote para smx-000-001: path=/Raw/26-03-27.txt offset=1800 limit=150
2026-04-03 15:08:34,719 [INFO] backend.services.mqtt_listener:446 - Mensagem MQTT publicada. topic=/smx-000-001/broker/to/uc mid=14
2026-04-03 15:08:36,042 [INFO] backend.services.mqtt_listener:127 - Mensagem MQTT recebida. topic=/smx-000-001/uc/to/broker
2026-04-03 15:08:36,045 [INFO] backend.services.mqtt_listener:63 - 
2026-04-03 15:08:36,046 [INFO] backend.services.mqtt_listener:63 - ==========================================================================================
2026-04-03 15:08:36,046 [INFO] backend.services.mqtt_listener:63 - SYNC RESPONSE OK | smx-000-001
2026-04-03 15:08:36,047 [INFO] backend.services.mqtt_listener:63 - ------------------------------------------------------------------------------------------
2026-04-03 15:08:36,047 [INFO] backend.services.mqtt_listener:63 - current_file_index=0
2026-04-03 15:08:36,047 [INFO] backend.services.mqtt_listener:63 - path=/Raw/26-03-27.txt
2026-04-03 15:08:36,048 [INFO] backend.services.mqtt_listener:63 - offset=1800
2026-04-03 15:08:36,048 [INFO] backend.services.mqtt_listener:63 - count=150
2026-04-03 15:08:36,049 [INFO] backend.services.mqtt_listener:63 - has_more=True
2026-04-03 15:08:36,049 [INFO] backend.services.mqtt_listener:63 - next_offset=1950
2026-04-03 15:08:36,049 [INFO] backend.services.mqtt_listener:63 - ==========================================================================================
2026-04-03 15:08:36,050 [INFO] backend.services.mqtt_listener:63 - Solicitando pacote para smx-000-001: path=/Raw/26-03-27.txt offset=1950 limit=150
2026-04-03 15:08:36,051 [INFO] backend.services.mqtt_listener:446 - Mensagem MQTT publicada. topic=/smx-000-001/broker/to/uc mid=15
2026-04-03 15:08:37,273 [INFO] backend.services.mqtt_listener:127 - Mensagem MQTT recebida. topic=/smx-000-001/uc/to/broker
2026-04-03 15:08:37,275 [INFO] backend.services.mqtt_listener:63 - 
2026-04-03 15:08:37,276 [INFO] backend.services.mqtt_listener:63 - ==========================================================================================
2026-04-03 15:08:37,276 [INFO] backend.services.mqtt_listener:63 - SYNC RESPONSE OK | smx-000-001
2026-04-03 15:08:37,277 [INFO] backend.services.mqtt_listener:63 - ------------------------------------------------------------------------------------------
2026-04-03 15:08:37,277 [INFO] backend.services.mqtt_listener:63 - current_file_index=0
2026-04-03 15:08:37,277 [INFO] backend.services.mqtt_listener:63 - path=/Raw/26-03-27.txt
2026-04-03 15:08:37,278 [INFO] backend.services.mqtt_listener:63 - offset=1950
2026-04-03 15:08:37,278 [INFO] backend.services.mqtt_listener:63 - count=150
2026-04-03 15:08:37,279 [INFO] backend.services.mqtt_listener:63 - has_more=True
2026-04-03 15:08:37,279 [INFO] backend.services.mqtt_listener:63 - next_offset=2100
2026-04-03 15:08:37,279 [INFO] backend.services.mqtt_listener:63 - ==========================================================================================
2026-04-03 15:08:37,280 [INFO] backend.services.mqtt_listener:63 - Solicitando pacote para smx-000-001: path=/Raw/26-03-27.txt offset=2100 limit=150
2026-04-03 15:08:37,281 [INFO] backend.services.mqtt_listener:446 - Mensagem MQTT publicada. topic=/smx-000-001/broker/to/uc mid=16
2026-04-03 15:08:38,500 [INFO] backend.services.mqtt_listener:127 - Mensagem MQTT recebida. topic=/smx-000-001/uc/to/broker
2026-04-03 15:08:38,503 [INFO] backend.services.mqtt_listener:63 - 
2026-04-03 15:08:38,503 [INFO] backend.services.mqtt_listener:63 - ==========================================================================================
2026-04-03 15:08:38,504 [INFO] backend.services.mqtt_listener:63 - SYNC RESPONSE OK | smx-000-001
2026-04-03 15:08:38,504 [INFO] backend.services.mqtt_listener:63 - ------------------------------------------------------------------------------------------
2026-04-03 15:08:38,505 [INFO] backend.services.mqtt_listener:63 - current_file_index=0
2026-04-03 15:08:38,505 [INFO] backend.services.mqtt_listener:63 - path=/Raw/26-03-27.txt
2026-04-03 15:08:38,505 [INFO] backend.services.mqtt_listener:63 - offset=2100
2026-04-03 15:08:38,506 [INFO] backend.services.mqtt_listener:63 - count=150
2026-04-03 15:08:38,506 [INFO] backend.services.mqtt_listener:63 - has_more=True
2026-04-03 15:08:38,507 [INFO] backend.services.mqtt_listener:63 - next_offset=2250
2026-04-03 15:08:38,507 [INFO] backend.services.mqtt_listener:63 - ==========================================================================================
2026-04-03 15:08:38,508 [INFO] backend.services.mqtt_listener:63 - Solicitando pacote para smx-000-001: path=/Raw/26-03-27.txt offset=2250 limit=150
2026-04-03 15:08:38,509 [INFO] backend.services.mqtt_listener:446 - Mensagem MQTT publicada. topic=/smx-000-001/broker/to/uc mid=17
2026-04-03 15:08:39,833 [INFO] backend.services.mqtt_listener:127 - Mensagem MQTT recebida. topic=/smx-000-001/uc/to/broker
2026-04-03 15:08:39,835 [INFO] backend.services.mqtt_listener:63 - 
2026-04-03 15:08:39,836 [INFO] backend.services.mqtt_listener:63 - ==========================================================================================
2026-04-03 15:08:39,836 [INFO] backend.services.mqtt_listener:63 - SYNC RESPONSE OK | smx-000-001
2026-04-03 15:08:39,837 [INFO] backend.services.mqtt_listener:63 - ------------------------------------------------------------------------------------------
2026-04-03 15:08:39,837 [INFO] backend.services.mqtt_listener:63 - current_file_index=0
2026-04-03 15:08:39,838 [INFO] backend.services.mqtt_listener:63 - path=/Raw/26-03-27.txt
2026-04-03 15:08:39,838 [INFO] backend.services.mqtt_listener:63 - offset=2250
2026-04-03 15:08:39,838 [INFO] backend.services.mqtt_listener:63 - count=150
2026-04-03 15:08:39,839 [INFO] backend.services.mqtt_listener:63 - has_more=True
2026-04-03 15:08:39,839 [INFO] backend.services.mqtt_listener:63 - next_offset=2400
2026-04-03 15:08:39,840 [INFO] backend.services.mqtt_listener:63 - ==========================================================================================
2026-04-03 15:08:39,841 [INFO] backend.services.mqtt_listener:63 - Solicitando pacote para smx-000-001: path=/Raw/26-03-27.txt offset=2400 limit=150
2026-04-03 15:08:39,842 [INFO] backend.services.mqtt_listener:446 - Mensagem MQTT publicada. topic=/smx-000-001/broker/to/uc mid=18
2026-04-03 15:08:41,062 [INFO] backend.services.mqtt_listener:127 - Mensagem MQTT recebida. topic=/smx-000-001/uc/to/broker
2026-04-03 15:08:41,064 [INFO] backend.services.mqtt_listener:63 - 
2026-04-03 15:08:41,065 [INFO] backend.services.mqtt_listener:63 - ==========================================================================================
2026-04-03 15:08:41,065 [INFO] backend.services.mqtt_listener:63 - SYNC RESPONSE OK | smx-000-001
2026-04-03 15:08:41,066 [INFO] backend.services.mqtt_listener:63 - ------------------------------------------------------------------------------------------
2026-04-03 15:08:41,066 [INFO] backend.services.mqtt_listener:63 - current_file_index=0
2026-04-03 15:08:41,066 [INFO] backend.services.mqtt_listener:63 - path=/Raw/26-03-27.txt
2026-04-03 15:08:41,067 [INFO] backend.services.mqtt_listener:63 - offset=2400
2026-04-03 15:08:41,067 [INFO] backend.services.mqtt_listener:63 - count=150
2026-04-03 15:08:41,068 [INFO] backend.services.mqtt_listener:63 - has_more=True
2026-04-03 15:08:41,068 [INFO] backend.services.mqtt_listener:63 - next_offset=2550
2026-04-03 15:08:41,068 [INFO] backend.services.mqtt_listener:63 - ==========================================================================================
2026-04-03 15:08:41,069 [INFO] backend.services.mqtt_listener:63 - Solicitando pacote para smx-000-001: path=/Raw/26-03-27.txt offset=2550 limit=150
2026-04-03 15:08:41,070 [INFO] backend.services.mqtt_listener:446 - Mensagem MQTT publicada. topic=/smx-000-001/broker/to/uc mid=19
2026-04-03 15:08:42,288 [INFO] backend.services.mqtt_listener:127 - Mensagem MQTT recebida. topic=/smx-000-001/uc/to/broker
2026-04-03 15:08:42,297 [INFO] backend.services.mqtt_listener:63 - 
2026-04-03 15:08:42,298 [INFO] backend.services.mqtt_listener:63 - ==========================================================================================
2026-04-03 15:08:42,303 [INFO] backend.services.mqtt_listener:63 - SYNC RESPONSE OK | smx-000-001
2026-04-03 15:08:42,317 [INFO] backend.services.mqtt_listener:63 - ------------------------------------------------------------------------------------------
2026-04-03 15:08:42,319 [INFO] backend.services.mqtt_listener:63 - current_file_index=0
2026-04-03 15:08:42,321 [INFO] backend.services.mqtt_listener:63 - path=/Raw/26-03-27.txt
2026-04-03 15:08:42,321 [INFO] backend.services.mqtt_listener:63 - offset=2550
2026-04-03 15:08:42,322 [INFO] backend.services.mqtt_listener:63 - count=150
2026-04-03 15:08:42,322 [INFO] backend.services.mqtt_listener:63 - has_more=True
2026-04-03 15:08:42,323 [INFO] backend.services.mqtt_listener:63 - next_offset=2700
2026-04-03 15:08:42,323 [INFO] backend.services.mqtt_listener:63 - ==========================================================================================
2026-04-03 15:08:42,325 [INFO] backend.services.mqtt_listener:63 - Solicitando pacote para smx-000-001: path=/Raw/26-03-27.txt offset=2700 limit=150
2026-04-03 15:08:42,325 [INFO] backend.services.mqtt_listener:446 - Mensagem MQTT publicada. topic=/smx-000-001/broker/to/uc mid=20
2026-04-03 15:08:43,520 [INFO] backend.services.mqtt_listener:127 - Mensagem MQTT recebida. topic=/smx-000-001/uc/to/broker
2026-04-03 15:08:43,522 [INFO] backend.services.mqtt_listener:63 - 
2026-04-03 15:08:43,524 [INFO] backend.services.mqtt_listener:63 - ==========================================================================================
2026-04-03 15:08:43,524 [INFO] backend.services.mqtt_listener:63 - SYNC RESPONSE OK | smx-000-001
2026-04-03 15:08:43,525 [INFO] backend.services.mqtt_listener:63 - ------------------------------------------------------------------------------------------
2026-04-03 15:08:43,525 [INFO] backend.services.mqtt_listener:63 - current_file_index=0
2026-04-03 15:08:43,526 [INFO] backend.services.mqtt_listener:63 - path=/Raw/26-03-27.txt
2026-04-03 15:08:43,526 [INFO] backend.services.mqtt_listener:63 - offset=2700
2026-04-03 15:08:43,527 [INFO] backend.services.mqtt_listener:63 - count=150
2026-04-03 15:08:43,527 [INFO] backend.services.mqtt_listener:63 - has_more=True
2026-04-03 15:08:43,527 [INFO] backend.services.mqtt_listener:63 - next_offset=2850
2026-04-03 15:08:43,528 [INFO] backend.services.mqtt_listener:63 - ==========================================================================================
2026-04-03 15:08:43,528 [INFO] backend.services.mqtt_listener:63 - Solicitando pacote para smx-000-001: path=/Raw/26-03-27.txt offset=2850 limit=150
2026-04-03 15:08:43,529 [INFO] backend.services.mqtt_listener:446 - Mensagem MQTT publicada. topic=/smx-000-001/broker/to/uc mid=21
2026-04-03 15:08:44,849 [INFO] backend.services.mqtt_listener:127 - Mensagem MQTT recebida. topic=/smx-000-001/uc/to/broker
2026-04-03 15:08:44,852 [INFO] backend.services.mqtt_listener:63 - 
2026-04-03 15:08:44,852 [INFO] backend.services.mqtt_listener:63 - ==========================================================================================
2026-04-03 15:08:44,852 [INFO] backend.services.mqtt_listener:63 - SYNC RESPONSE OK | smx-000-001
2026-04-03 15:08:44,853 [INFO] backend.services.mqtt_listener:63 - ------------------------------------------------------------------------------------------
2026-04-03 15:08:44,853 [INFO] backend.services.mqtt_listener:63 - current_file_index=0
2026-04-03 15:08:44,853 [INFO] backend.services.mqtt_listener:63 - path=/Raw/26-03-27.txt
2026-04-03 15:08:44,854 [INFO] backend.services.mqtt_listener:63 - offset=2850
2026-04-03 15:08:44,854 [INFO] backend.services.mqtt_listener:63 - count=150
2026-04-03 15:08:44,855 [INFO] backend.services.mqtt_listener:63 - has_more=True
2026-04-03 15:08:44,855 [INFO] backend.services.mqtt_listener:63 - next_offset=3000
2026-04-03 15:08:44,855 [INFO] backend.services.mqtt_listener:63 - ==========================================================================================
2026-04-03 15:08:44,856 [INFO] backend.services.mqtt_listener:63 - Solicitando pacote para smx-000-001: path=/Raw/26-03-27.txt offset=3000 limit=150
2026-04-03 15:08:44,857 [INFO] backend.services.mqtt_listener:446 - Mensagem MQTT publicada. topic=/smx-000-001/broker/to/uc mid=22
2026-04-03 15:08:46,079 [INFO] backend.services.mqtt_listener:127 - Mensagem MQTT recebida. topic=/smx-000-001/uc/to/broker
2026-04-03 15:08:46,081 [INFO] backend.services.mqtt_listener:63 - 
2026-04-03 15:08:46,082 [INFO] backend.services.mqtt_listener:63 - ==========================================================================================
2026-04-03 15:08:46,082 [INFO] backend.services.mqtt_listener:63 - SYNC RESPONSE OK | smx-000-001
2026-04-03 15:08:46,083 [INFO] backend.services.mqtt_listener:63 - ------------------------------------------------------------------------------------------
2026-04-03 15:08:46,083 [INFO] backend.services.mqtt_listener:63 - current_file_index=0
2026-04-03 15:08:46,084 [INFO] backend.services.mqtt_listener:63 - path=/Raw/26-03-27.txt
2026-04-03 15:08:46,084 [INFO] backend.services.mqtt_listener:63 - offset=3000
2026-04-03 15:08:46,084 [INFO] backend.services.mqtt_listener:63 - count=150
2026-04-03 15:08:46,085 [INFO] backend.services.mqtt_listener:63 - has_more=True
2026-04-03 15:08:46,085 [INFO] backend.services.mqtt_listener:63 - next_offset=3150
2026-04-03 15:08:46,086 [INFO] backend.services.mqtt_listener:63 - ==========================================================================================
2026-04-03 15:08:46,087 [INFO] backend.services.mqtt_listener:63 - Solicitando pacote para smx-000-001: path=/Raw/26-03-27.txt offset=3150 limit=150
2026-04-03 15:08:46,087 [INFO] backend.services.mqtt_listener:446 - Mensagem MQTT publicada. topic=/smx-000-001/broker/to/uc mid=23
2026-04-03 15:08:47,310 [INFO] backend.services.mqtt_listener:127 - Mensagem MQTT recebida. topic=/smx-000-001/uc/to/broker
2026-04-03 15:08:47,313 [INFO] backend.services.mqtt_listener:63 - 
2026-04-03 15:08:47,313 [INFO] backend.services.mqtt_listener:63 - ==========================================================================================
2026-04-03 15:08:47,314 [INFO] backend.services.mqtt_listener:63 - SYNC RESPONSE OK | smx-000-001
2026-04-03 15:08:47,314 [INFO] backend.services.mqtt_listener:63 - ------------------------------------------------------------------------------------------
2026-04-03 15:08:47,314 [INFO] backend.services.mqtt_listener:63 - current_file_index=0
2026-04-03 15:08:47,315 [INFO] backend.services.mqtt_listener:63 - path=/Raw/26-03-27.txt
2026-04-03 15:08:47,315 [INFO] backend.services.mqtt_listener:63 - offset=3150
2026-04-03 15:08:47,316 [INFO] backend.services.mqtt_listener:63 - count=150
2026-04-03 15:08:47,316 [INFO] backend.services.mqtt_listener:63 - has_more=True
2026-04-03 15:08:47,317 [INFO] backend.services.mqtt_listener:63 - next_offset=3300
2026-04-03 15:08:47,317 [INFO] backend.services.mqtt_listener:63 - ==========================================================================================
2026-04-03 15:08:47,318 [INFO] backend.services.mqtt_listener:63 - Solicitando pacote para smx-000-001: path=/Raw/26-03-27.txt offset=3300 limit=150
2026-04-03 15:08:47,318 [INFO] backend.services.mqtt_listener:446 - Mensagem MQTT publicada. topic=/smx-000-001/broker/to/uc mid=24
2026-04-03 15:08:48,671 [INFO] backend.services.mqtt_listener:127 - Mensagem MQTT recebida. topic=/smx-000-001/uc/to/broker
2026-04-03 15:08:48,673 [INFO] backend.services.mqtt_listener:63 - 
2026-04-03 15:08:48,675 [INFO] backend.services.mqtt_listener:63 - ==========================================================================================
2026-04-03 15:08:48,675 [INFO] backend.services.mqtt_listener:63 - SYNC RESPONSE OK | smx-000-001
2026-04-03 15:08:48,676 [INFO] backend.services.mqtt_listener:63 - ------------------------------------------------------------------------------------------
2026-04-03 15:08:48,676 [INFO] backend.services.mqtt_listener:63 - current_file_index=0
2026-04-03 15:08:48,676 [INFO] backend.services.mqtt_listener:63 - path=/Raw/26-03-27.txt
2026-04-03 15:08:48,677 [INFO] backend.services.mqtt_listener:63 - offset=3300
2026-04-03 15:08:48,678 [INFO] backend.services.mqtt_listener:63 - count=150
2026-04-03 15:08:48,678 [INFO] backend.services.mqtt_listener:63 - has_more=True
2026-04-03 15:08:48,679 [INFO] backend.services.mqtt_listener:63 - next_offset=3450
2026-04-03 15:08:48,679 [INFO] backend.services.mqtt_listener:63 - ==========================================================================================
2026-04-03 15:08:48,680 [INFO] backend.services.mqtt_listener:63 - Solicitando pacote para smx-000-001: path=/Raw/26-03-27.txt offset=3450 limit=150
2026-04-03 15:08:48,680 [INFO] backend.services.mqtt_listener:446 - Mensagem MQTT publicada. topic=/smx-000-001/broker/to/uc mid=25
2026-04-03 15:08:49,867 [INFO] backend.services.mqtt_listener:127 - Mensagem MQTT recebida. topic=/smx-000-001/uc/to/broker
2026-04-03 15:08:49,870 [INFO] backend.services.mqtt_listener:63 - 
2026-04-03 15:08:49,871 [INFO] backend.services.mqtt_listener:63 - ==========================================================================================
2026-04-03 15:08:49,872 [INFO] backend.services.mqtt_listener:63 - SYNC RESPONSE OK | smx-000-001
2026-04-03 15:08:49,872 [INFO] backend.services.mqtt_listener:63 - ------------------------------------------------------------------------------------------
2026-04-03 15:08:49,873 [INFO] backend.services.mqtt_listener:63 - current_file_index=0
2026-04-03 15:08:49,873 [INFO] backend.services.mqtt_listener:63 - path=/Raw/26-03-27.txt
2026-04-03 15:08:49,874 [INFO] backend.services.mqtt_listener:63 - offset=3450
2026-04-03 15:08:49,874 [INFO] backend.services.mqtt_listener:63 - count=150
2026-04-03 15:08:49,875 [INFO] backend.services.mqtt_listener:63 - has_more=True
2026-04-03 15:08:49,875 [INFO] backend.services.mqtt_listener:63 - next_offset=3600
2026-04-03 15:08:49,876 [INFO] backend.services.mqtt_listener:63 - ==========================================================================================
2026-04-03 15:08:49,877 [INFO] backend.services.mqtt_listener:63 - Solicitando pacote para smx-000-001: path=/Raw/26-03-27.txt offset=3600 limit=150
2026-04-03 15:08:49,878 [INFO] backend.services.mqtt_listener:446 - Mensagem MQTT publicada. topic=/smx-000-001/broker/to/uc mid=26
2026-04-03 15:08:51,096 [INFO] backend.services.mqtt_listener:127 - Mensagem MQTT recebida. topic=/smx-000-001/uc/to/broker
2026-04-03 15:08:51,099 [INFO] backend.services.mqtt_listener:63 - 
2026-04-03 15:08:51,100 [INFO] backend.services.mqtt_listener:63 - ==========================================================================================
2026-04-03 15:08:51,100 [INFO] backend.services.mqtt_listener:63 - SYNC RESPONSE OK | smx-000-001
2026-04-03 15:08:51,101 [INFO] backend.services.mqtt_listener:63 - ------------------------------------------------------------------------------------------
2026-04-03 15:08:51,101 [INFO] backend.services.mqtt_listener:63 - current_file_index=0
2026-04-03 15:08:51,102 [INFO] backend.services.mqtt_listener:63 - path=/Raw/26-03-27.txt
2026-04-03 15:08:51,102 [INFO] backend.services.mqtt_listener:63 - offset=3600
2026-04-03 15:08:51,102 [INFO] backend.services.mqtt_listener:63 - count=150
2026-04-03 15:08:51,103 [INFO] backend.services.mqtt_listener:63 - has_more=True
2026-04-03 15:08:51,103 [INFO] backend.services.mqtt_listener:63 - next_offset=3750
2026-04-03 15:08:51,104 [INFO] backend.services.mqtt_listener:63 - ==========================================================================================
2026-04-03 15:08:51,104 [INFO] backend.services.mqtt_listener:63 - Solicitando pacote para smx-000-001: path=/Raw/26-03-27.txt offset=3750 limit=150
2026-04-03 15:08:51,105 [INFO] backend.services.mqtt_listener:446 - Mensagem MQTT publicada. topic=/smx-000-001/broker/to/uc mid=27
2026-04-03 15:08:52,327 [INFO] backend.services.mqtt_listener:127 - Mensagem MQTT recebida. topic=/smx-000-001/uc/to/broker
2026-04-03 15:08:52,330 [INFO] backend.services.mqtt_listener:63 - 
2026-04-03 15:08:52,331 [INFO] backend.services.mqtt_listener:63 - ==========================================================================================
2026-04-03 15:08:52,331 [INFO] backend.services.mqtt_listener:63 - SYNC RESPONSE OK | smx-000-001
2026-04-03 15:08:52,331 [INFO] backend.services.mqtt_listener:63 - ------------------------------------------------------------------------------------------
2026-04-03 15:08:52,332 [INFO] backend.services.mqtt_listener:63 - current_file_index=0
2026-04-03 15:08:52,332 [INFO] backend.services.mqtt_listener:63 - path=/Raw/26-03-27.txt
2026-04-03 15:08:52,333 [INFO] backend.services.mqtt_listener:63 - offset=3750
2026-04-03 15:08:52,333 [INFO] backend.services.mqtt_listener:63 - count=150
2026-04-03 15:08:52,334 [INFO] backend.services.mqtt_listener:63 - has_more=True
2026-04-03 15:08:52,334 [INFO] backend.services.mqtt_listener:63 - next_offset=3900
2026-04-03 15:08:52,335 [INFO] backend.services.mqtt_listener:63 - ==========================================================================================
2026-04-03 15:08:52,336 [INFO] backend.services.mqtt_listener:63 - Solicitando pacote para smx-000-001: path=/Raw/26-03-27.txt offset=3900 limit=150
2026-04-03 15:08:52,336 [INFO] backend.services.mqtt_listener:446 - Mensagem MQTT publicada. topic=/smx-000-001/broker/to/uc mid=28
2026-04-03 15:08:53,350 [INFO] backend.services.mqtt_listener:127 - Mensagem MQTT recebida. topic=/smx-000-001/uc/to/broker
2026-04-03 15:08:53,354 [INFO] backend.services.mqtt_listener:63 - 
2026-04-03 15:08:53,355 [INFO] backend.services.mqtt_listener:63 - ==========================================================================================
2026-04-03 15:08:53,355 [INFO] backend.services.mqtt_listener:63 - SYNC RESPONSE OK | smx-000-001
2026-04-03 15:08:53,355 [INFO] backend.services.mqtt_listener:63 - ------------------------------------------------------------------------------------------
2026-04-03 15:08:53,356 [INFO] backend.services.mqtt_listener:63 - current_file_index=0
2026-04-03 15:08:53,356 [INFO] backend.services.mqtt_listener:63 - path=/Raw/26-03-27.txt
2026-04-03 15:08:53,356 [INFO] backend.services.mqtt_listener:63 - offset=3900
2026-04-03 15:08:53,357 [INFO] backend.services.mqtt_listener:63 - count=110
2026-04-03 15:08:53,357 [INFO] backend.services.mqtt_listener:63 - has_more=False
2026-04-03 15:08:53,357 [INFO] backend.services.mqtt_listener:63 - next_offset=4010
2026-04-03 15:08:53,358 [INFO] backend.services.mqtt_listener:63 - ==========================================================================================
2026-04-03 15:08:53,359 [INFO] backend.services.mqtt_listener:63 - 
2026-04-03 15:08:53,359 [INFO] backend.services.mqtt_listener:63 - ==========================================================================================
2026-04-03 15:08:53,360 [INFO] backend.services.mqtt_listener:63 - SYNC FILE DONE | smx-000-001
2026-04-03 15:08:53,361 [INFO] backend.services.mqtt_listener:63 - ------------------------------------------------------------------------------------------
2026-04-03 15:08:53,361 [INFO] backend.services.mqtt_listener:63 - Arquivo concluido: /Raw/26-03-27.txt
2026-04-03 15:08:53,362 [INFO] backend.services.mqtt_listener:63 - current_file_index antes do incremento=0
2026-04-03 15:08:53,363 [INFO] backend.services.mqtt_listener:63 - Proximo passo real esperado: avisar UC para excluir o arquivo.
2026-04-03 15:08:53,363 [INFO] backend.services.mqtt_listener:63 - ==========================================================================================
2026-04-03 15:08:53,364 [INFO] backend.services.mqtt_listener:63 - 
2026-04-03 15:08:53,369 [INFO] backend.services.mqtt_listener:63 - ==========================================================================================
2026-04-03 15:08:53,370 [INFO] backend.services.mqtt_listener:63 - SYNC NEXT FILE | smx-000-001
2026-04-03 15:08:53,370 [INFO] backend.services.mqtt_listener:63 - ------------------------------------------------------------------------------------------
2026-04-03 15:08:53,371 [INFO] backend.services.mqtt_listener:63 - current_file_index depois do incremento=1
2026-04-03 15:08:53,371 [INFO] backend.services.mqtt_listener:63 - ==========================================================================================
2026-04-03 15:08:53,372 [INFO] backend.services.mqtt_listener:63 - 
2026-04-03 15:08:53,373 [INFO] backend.services.mqtt_listener:63 - ==========================================================================================
2026-04-03 15:08:53,373 [INFO] backend.services.mqtt_listener:63 - SYNC REQUEST NEXT | smx-000-001
2026-04-03 15:08:53,373 [INFO] backend.services.mqtt_listener:63 - ------------------------------------------------------------------------------------------
2026-04-03 15:08:53,374 [INFO] backend.services.mqtt_listener:63 - current_file_index=1
2026-04-03 15:08:53,374 [INFO] backend.services.mqtt_listener:63 - path=/Raw/default.txt
2026-04-03 15:08:53,375 [INFO] backend.services.mqtt_listener:63 - registers=233
2026-04-03 15:08:53,375 [INFO] backend.services.mqtt_listener:63 - offset=0
2026-04-03 15:08:53,376 [INFO] backend.services.mqtt_listener:63 - limit=150
2026-04-03 15:08:53,376 [INFO] backend.services.mqtt_listener:63 - ==========================================================================================
2026-04-03 15:08:53,377 [INFO] backend.services.mqtt_listener:63 - Solicitando pacote para smx-000-001: path=/Raw/default.txt offset=0 limit=150
2026-04-03 15:08:53,378 [INFO] backend.services.mqtt_listener:446 - Mensagem MQTT publicada. topic=/smx-000-001/broker/to/uc mid=29
2026-04-03 15:08:54,373 [INFO] backend.services.mqtt_listener:127 - Mensagem MQTT recebida. topic=/smx-000-001/uc/to/broker
2026-04-03 15:08:54,377 [INFO] backend.services.mqtt_listener:63 - 
2026-04-03 15:08:54,377 [INFO] backend.services.mqtt_listener:63 - ==========================================================================================
2026-04-03 15:08:54,378 [INFO] backend.services.mqtt_listener:63 - SYNC RESPONSE OK | smx-000-001
2026-04-03 15:08:54,378 [INFO] backend.services.mqtt_listener:63 - ------------------------------------------------------------------------------------------
2026-04-03 15:08:54,379 [INFO] backend.services.mqtt_listener:63 - current_file_index=1
2026-04-03 15:08:54,379 [INFO] backend.services.mqtt_listener:63 - path=/Raw/default.txt
2026-04-03 15:08:54,379 [INFO] backend.services.mqtt_listener:63 - offset=0
2026-04-03 15:08:54,380 [INFO] backend.services.mqtt_listener:63 - count=150
2026-04-03 15:08:54,381 [INFO] backend.services.mqtt_listener:63 - has_more=True
2026-04-03 15:08:54,381 [INFO] backend.services.mqtt_listener:63 - next_offset=150
2026-04-03 15:08:54,382 [INFO] backend.services.mqtt_listener:63 - ==========================================================================================
2026-04-03 15:08:54,382 [INFO] backend.services.mqtt_listener:63 - Solicitando pacote para smx-000-001: path=/Raw/default.txt offset=150 limit=150
2026-04-03 15:08:54,383 [INFO] backend.services.mqtt_listener:446 - Mensagem MQTT publicada. topic=/smx-000-001/broker/to/uc mid=30
2026-04-03 15:08:55,196 [WARNING] backend.services.mqtt_listener:63 - Payload descartado por falha ao decodificar JSON UTF-8. topic=/smx-000-001/uc/to/broker
2026-04-03 15:08:55,199 [WARNING] backend.services.mqtt_listener:63 - 
2026-04-03 15:08:55,202 [WARNING] backend.services.mqtt_listener:63 - ==========================================================================================
2026-04-03 15:08:55,203 [WARNING] backend.services.mqtt_listener:63 - SYNC RETRY | smx-000-001
2026-04-03 15:08:55,203 [WARNING] backend.services.mqtt_listener:63 - ------------------------------------------------------------------------------------------
2026-04-03 15:08:55,204 [WARNING] backend.services.mqtt_listener:63 - path=/Raw/default.txt
2026-04-03 15:08:55,204 [WARNING] backend.services.mqtt_listener:63 - offset=150
2026-04-03 15:08:55,205 [WARNING] backend.services.mqtt_listener:63 - limit=150
2026-04-03 15:08:55,205 [WARNING] backend.services.mqtt_listener:63 - current_file_index=1
2026-04-03 15:08:55,206 [WARNING] backend.services.mqtt_listener:63 - retry=1/3
2026-04-03 15:08:55,206 [WARNING] backend.services.mqtt_listener:63 - ==========================================================================================
2026-04-03 15:08:55,207 [INFO] backend.services.mqtt_listener:63 - Solicitando pacote para smx-000-001: path=/Raw/default.txt offset=150 limit=150
2026-04-03 15:08:55,208 [INFO] backend.services.mqtt_listener:446 - Mensagem MQTT publicada. topic=/smx-000-001/broker/to/uc mid=31
2026-04-03 15:08:56,114 [WARNING] backend.services.mqtt_listener:63 - Payload descartado por falha ao decodificar JSON UTF-8. topic=/smx-000-001/uc/to/broker
2026-04-03 15:08:56,117 [WARNING] backend.services.mqtt_listener:63 - 
2026-04-03 15:08:56,118 [WARNING] backend.services.mqtt_listener:63 - ==========================================================================================
2026-04-03 15:08:56,118 [WARNING] backend.services.mqtt_listener:63 - SYNC RETRY | smx-000-001
2026-04-03 15:08:56,118 [WARNING] backend.services.mqtt_listener:63 - ------------------------------------------------------------------------------------------
2026-04-03 15:08:56,119 [WARNING] backend.services.mqtt_listener:63 - path=/Raw/default.txt
2026-04-03 15:08:56,119 [WARNING] backend.services.mqtt_listener:63 - offset=150
2026-04-03 15:08:56,120 [WARNING] backend.services.mqtt_listener:63 - limit=150
2026-04-03 15:08:56,120 [WARNING] backend.services.mqtt_listener:63 - current_file_index=1
2026-04-03 15:08:56,121 [WARNING] backend.services.mqtt_listener:63 - retry=2/3
2026-04-03 15:08:56,121 [WARNING] backend.services.mqtt_listener:63 - ==========================================================================================
2026-04-03 15:08:56,122 [INFO] backend.services.mqtt_listener:63 - Solicitando pacote para smx-000-001: path=/Raw/default.txt offset=150 limit=150
2026-04-03 15:08:56,122 [INFO] backend.services.mqtt_listener:446 - Mensagem MQTT publicada. topic=/smx-000-001/broker/to/uc mid=32
2026-04-03 15:08:57,135 [WARNING] backend.services.mqtt_listener:63 - Payload descartado por falha ao decodificar JSON UTF-8. topic=/smx-000-001/uc/to/broker
2026-04-03 15:08:57,139 [WARNING] backend.services.mqtt_listener:63 - 
2026-04-03 15:08:57,140 [WARNING] backend.services.mqtt_listener:63 - ==========================================================================================
2026-04-03 15:08:57,140 [WARNING] backend.services.mqtt_listener:63 - SYNC RETRY | smx-000-001
2026-04-03 15:08:57,140 [WARNING] backend.services.mqtt_listener:63 - ------------------------------------------------------------------------------------------
2026-04-03 15:08:57,141 [WARNING] backend.services.mqtt_listener:63 - path=/Raw/default.txt
2026-04-03 15:08:57,141 [WARNING] backend.services.mqtt_listener:63 - offset=150
2026-04-03 15:08:57,142 [WARNING] backend.services.mqtt_listener:63 - limit=150
2026-04-03 15:08:57,142 [WARNING] backend.services.mqtt_listener:63 - current_file_index=1
2026-04-03 15:08:57,143 [WARNING] backend.services.mqtt_listener:63 - retry=3/3
2026-04-03 15:08:57,143 [WARNING] backend.services.mqtt_listener:63 - ==========================================================================================
2026-04-03 15:08:57,144 [INFO] backend.services.mqtt_listener:63 - Solicitando pacote para smx-000-001: path=/Raw/default.txt offset=150 limit=150
2026-04-03 15:08:57,145 [INFO] backend.services.mqtt_listener:446 - Mensagem MQTT publicada. topic=/smx-000-001/broker/to/uc mid=33
2026-04-03 15:08:58,059 [WARNING] backend.services.mqtt_listener:63 - Payload descartado por falha ao decodificar JSON UTF-8. topic=/smx-000-001/uc/to/broker
2026-04-03 15:08:58,062 [WARNING] backend.services.mqtt_listener:63 - 
2026-04-03 15:08:58,063 [WARNING] backend.services.mqtt_listener:63 - ==========================================================================================
2026-04-03 15:08:58,063 [WARNING] backend.services.mqtt_listener:63 - SYNC SKIP FILE | smx-000-001
2026-04-03 15:08:58,064 [WARNING] backend.services.mqtt_listener:63 - ------------------------------------------------------------------------------------------
2026-04-03 15:08:58,064 [WARNING] backend.services.mqtt_listener:63 - Limite de retries por pacote atingido.
2026-04-03 15:08:58,065 [WARNING] backend.services.mqtt_listener:63 - path=/Raw/default.txt
2026-04-03 15:08:58,072 [WARNING] backend.services.mqtt_listener:63 - offset=150
2026-04-03 15:08:58,075 [WARNING] backend.services.mqtt_listener:63 - limit=150
2026-04-03 15:08:58,076 [WARNING] backend.services.mqtt_listener:63 - retry=4/3
2026-04-03 15:08:58,077 [WARNING] backend.services.mqtt_listener:63 - Arquivo atual sera abandonado e o fluxo seguira para o proximo.
2026-04-03 15:08:58,077 [WARNING] backend.services.mqtt_listener:63 - ==========================================================================================
2026-04-03 15:08:58,079 [INFO] backend.services.mqtt_listener:63 - 
2026-04-03 15:08:58,080 [INFO] backend.services.mqtt_listener:63 - ==========================================================================================
2026-04-03 15:08:58,080 [INFO] backend.services.mqtt_listener:63 - SYNC REQUEST NEXT | smx-000-001
2026-04-03 15:08:58,081 [INFO] backend.services.mqtt_listener:63 - ------------------------------------------------------------------------------------------
2026-04-03 15:08:58,081 [INFO] backend.services.mqtt_listener:63 - current_file_index=2
2026-04-03 15:08:58,086 [INFO] backend.services.mqtt_listener:63 - path=/Raw/26-04-01.txt
2026-04-03 15:08:58,086 [INFO] backend.services.mqtt_listener:63 - registers=4721
2026-04-03 15:08:58,089 [INFO] backend.services.mqtt_listener:63 - offset=0
2026-04-03 15:08:58,089 [INFO] backend.services.mqtt_listener:63 - limit=150
2026-04-03 15:08:58,090 [INFO] backend.services.mqtt_listener:63 - ==========================================================================================
2026-04-03 15:08:58,091 [INFO] backend.services.mqtt_listener:63 - Solicitando pacote para smx-000-001: path=/Raw/26-04-01.txt offset=0 limit=150
2026-04-03 15:08:58,091 [INFO] backend.services.mqtt_listener:446 - Mensagem MQTT publicada. topic=/smx-000-001/broker/to/uc mid=34
2026-04-03 15:08:59,391 [INFO] backend.services.mqtt_listener:127 - Mensagem MQTT recebida. topic=/smx-000-001/uc/to/broker
2026-04-03 15:08:59,394 [INFO] backend.services.mqtt_listener:63 - 
2026-04-03 15:08:59,394 [INFO] backend.services.mqtt_listener:63 - ==========================================================================================
2026-04-03 15:08:59,395 [INFO] backend.services.mqtt_listener:63 - SYNC RESPONSE OK | smx-000-001
2026-04-03 15:08:59,395 [INFO] backend.services.mqtt_listener:63 - ------------------------------------------------------------------------------------------
2026-04-03 15:08:59,396 [INFO] backend.services.mqtt_listener:63 - current_file_index=2
2026-04-03 15:08:59,396 [INFO] backend.services.mqtt_listener:63 - path=/Raw/26-04-01.txt
2026-04-03 15:08:59,397 [INFO] backend.services.mqtt_listener:63 - offset=0
2026-04-03 15:08:59,397 [INFO] backend.services.mqtt_listener:63 - count=150
2026-04-03 15:08:59,398 [INFO] backend.services.mqtt_listener:63 - has_more=True
2026-04-03 15:08:59,398 [INFO] backend.services.mqtt_listener:63 - next_offset=150
2026-04-03 15:08:59,400 [INFO] backend.services.mqtt_listener:63 - ==========================================================================================
2026-04-03 15:08:59,400 [INFO] backend.services.mqtt_listener:63 - Solicitando pacote para smx-000-001: path=/Raw/26-04-01.txt offset=150 limit=150
2026-04-03 15:08:59,401 [INFO] backend.services.mqtt_listener:446 - Mensagem MQTT publicada. topic=/smx-000-001/broker/to/uc mid=35
2026-04-03 15:09:00,727 [INFO] backend.services.mqtt_listener:127 - Mensagem MQTT recebida. topic=/smx-000-001/uc/to/broker
2026-04-03 15:09:00,730 [INFO] backend.services.mqtt_listener:63 - 
2026-04-03 15:09:00,731 [INFO] backend.services.mqtt_listener:63 - ==========================================================================================
2026-04-03 15:09:00,731 [INFO] backend.services.mqtt_listener:63 - SYNC RESPONSE OK | smx-000-001
2026-04-03 15:09:00,732 [INFO] backend.services.mqtt_listener:63 - ------------------------------------------------------------------------------------------
2026-04-03 15:09:00,732 [INFO] backend.services.mqtt_listener:63 - current_file_index=2
2026-04-03 15:09:00,733 [INFO] backend.services.mqtt_listener:63 - path=/Raw/26-04-01.txt
2026-04-03 15:09:00,735 [INFO] backend.services.mqtt_listener:63 - offset=150
2026-04-03 15:09:00,735 [INFO] backend.services.mqtt_listener:63 - count=150
2026-04-03 15:09:00,736 [INFO] backend.services.mqtt_listener:63 - has_more=True
2026-04-03 15:09:00,736 [INFO] backend.services.mqtt_listener:63 - next_offset=300
2026-04-03 15:09:00,737 [INFO] backend.services.mqtt_listener:63 - ==========================================================================================
2026-04-03 15:09:00,737 [INFO] backend.services.mqtt_listener:63 - Solicitando pacote para smx-000-001: path=/Raw/26-04-01.txt offset=300 limit=150
2026-04-03 15:09:00,738 [INFO] backend.services.mqtt_listener:446 - Mensagem MQTT publicada. topic=/smx-000-001/broker/to/uc mid=36
2026-04-03 15:09:01,953 [INFO] backend.services.mqtt_listener:127 - Mensagem MQTT recebida. topic=/smx-000-001/uc/to/broker
2026-04-03 15:09:01,955 [INFO] backend.services.mqtt_listener:63 - 
2026-04-03 15:09:01,956 [INFO] backend.services.mqtt_listener:63 - ==========================================================================================
2026-04-03 15:09:01,956 [INFO] backend.services.mqtt_listener:63 - SYNC RESPONSE OK | smx-000-001
2026-04-03 15:09:01,957 [INFO] backend.services.mqtt_listener:63 - ------------------------------------------------------------------------------------------
2026-04-03 15:09:01,957 [INFO] backend.services.mqtt_listener:63 - current_file_index=2
2026-04-03 15:09:01,958 [INFO] backend.services.mqtt_listener:63 - path=/Raw/26-04-01.txt
2026-04-03 15:09:01,958 [INFO] backend.services.mqtt_listener:63 - offset=300
2026-04-03 15:09:01,959 [INFO] backend.services.mqtt_listener:63 - count=150
2026-04-03 15:09:01,959 [INFO] backend.services.mqtt_listener:63 - has_more=True
2026-04-03 15:09:01,959 [INFO] backend.services.mqtt_listener:63 - next_offset=450
2026-04-03 15:09:01,960 [INFO] backend.services.mqtt_listener:63 - ==========================================================================================
2026-04-03 15:09:01,960 [INFO] backend.services.mqtt_listener:63 - Solicitando pacote para smx-000-001: path=/Raw/26-04-01.txt offset=450 limit=150
2026-04-03 15:09:01,961 [INFO] backend.services.mqtt_listener:446 - Mensagem MQTT publicada. topic=/smx-000-001/broker/to/uc mid=37
2026-04-03 15:09:03,182 [INFO] backend.services.mqtt_listener:127 - Mensagem MQTT recebida. topic=/smx-000-001/uc/to/broker
2026-04-03 15:09:03,185 [INFO] backend.services.mqtt_listener:63 - 
2026-04-03 15:09:03,186 [INFO] backend.services.mqtt_listener:63 - ==========================================================================================
2026-04-03 15:09:03,186 [INFO] backend.services.mqtt_listener:63 - SYNC RESPONSE OK | smx-000-001
2026-04-03 15:09:03,186 [INFO] backend.services.mqtt_listener:63 - ------------------------------------------------------------------------------------------
2026-04-03 15:09:03,187 [INFO] backend.services.mqtt_listener:63 - current_file_index=2
2026-04-03 15:09:03,187 [INFO] backend.services.mqtt_listener:63 - path=/Raw/26-04-01.txt
2026-04-03 15:09:03,187 [INFO] backend.services.mqtt_listener:63 - offset=450
2026-04-03 15:09:03,188 [INFO] backend.services.mqtt_listener:63 - count=150
2026-04-03 15:09:03,188 [INFO] backend.services.mqtt_listener:63 - has_more=True
2026-04-03 15:09:03,189 [INFO] backend.services.mqtt_listener:63 - next_offset=600
2026-04-03 15:09:03,189 [INFO] backend.services.mqtt_listener:63 - ==========================================================================================
2026-04-03 15:09:03,190 [INFO] backend.services.mqtt_listener:63 - Solicitando pacote para smx-000-001: path=/Raw/26-04-01.txt offset=600 limit=150
2026-04-03 15:09:03,190 [INFO] backend.services.mqtt_listener:446 - Mensagem MQTT publicada. topic=/smx-000-001/broker/to/uc mid=38
2026-04-03 15:09:04,412 [INFO] backend.services.mqtt_listener:127 - Mensagem MQTT recebida. topic=/smx-000-001/uc/to/broker
2026-04-03 15:09:04,415 [INFO] backend.services.mqtt_listener:63 - 
2026-04-03 15:09:04,415 [INFO] backend.services.mqtt_listener:63 - ==========================================================================================
2026-04-03 15:09:04,416 [INFO] backend.services.mqtt_listener:63 - SYNC RESPONSE OK | smx-000-001
2026-04-03 15:09:04,416 [INFO] backend.services.mqtt_listener:63 - ------------------------------------------------------------------------------------------
2026-04-03 15:09:04,417 [INFO] backend.services.mqtt_listener:63 - current_file_index=2
2026-04-03 15:09:04,417 [INFO] backend.services.mqtt_listener:63 - path=/Raw/26-04-01.txt
2026-04-03 15:09:04,418 [INFO] backend.services.mqtt_listener:63 - offset=600
2026-04-03 15:09:04,418 [INFO] backend.services.mqtt_listener:63 - count=150
2026-04-03 15:09:04,420 [INFO] backend.services.mqtt_listener:63 - has_more=True
2026-04-03 15:09:04,421 [INFO] backend.services.mqtt_listener:63 - next_offset=750
2026-04-03 15:09:04,421 [INFO] backend.services.mqtt_listener:63 - ==========================================================================================
2026-04-03 15:09:04,422 [INFO] backend.services.mqtt_listener:63 - Solicitando pacote para smx-000-001: path=/Raw/26-04-01.txt offset=750 limit=150
2026-04-03 15:09:04,423 [INFO] backend.services.mqtt_listener:446 - Mensagem MQTT publicada. topic=/smx-000-001/broker/to/uc mid=39
2026-04-03 15:09:05,742 [INFO] backend.services.mqtt_listener:127 - Mensagem MQTT recebida. topic=/smx-000-001/uc/to/broker
2026-04-03 15:09:05,745 [INFO] backend.services.mqtt_listener:63 - 
2026-04-03 15:09:05,745 [INFO] backend.services.mqtt_listener:63 - ==========================================================================================
2026-04-03 15:09:05,746 [INFO] backend.services.mqtt_listener:63 - SYNC RESPONSE OK | smx-000-001
2026-04-03 15:09:05,746 [INFO] backend.services.mqtt_listener:63 - ------------------------------------------------------------------------------------------
2026-04-03 15:09:05,746 [INFO] backend.services.mqtt_listener:63 - current_file_index=2
2026-04-03 15:09:05,747 [INFO] backend.services.mqtt_listener:63 - path=/Raw/26-04-01.txt
2026-04-03 15:09:05,747 [INFO] backend.services.mqtt_listener:63 - offset=750
2026-04-03 15:09:05,748 [INFO] backend.services.mqtt_listener:63 - count=150
2026-04-03 15:09:05,748 [INFO] backend.services.mqtt_listener:63 - has_more=True
2026-04-03 15:09:05,748 [INFO] backend.services.mqtt_listener:63 - next_offset=900
2026-04-03 15:09:05,749 [INFO] backend.services.mqtt_listener:63 - ==========================================================================================
2026-04-03 15:09:05,749 [INFO] backend.services.mqtt_listener:63 - Solicitando pacote para smx-000-001: path=/Raw/26-04-01.txt offset=900 limit=150
2026-04-03 15:09:05,750 [INFO] backend.services.mqtt_listener:446 - Mensagem MQTT publicada. topic=/smx-000-001/broker/to/uc mid=40
2026-04-03 15:09:06,972 [INFO] backend.services.mqtt_listener:127 - Mensagem MQTT recebida. topic=/smx-000-001/uc/to/broker
2026-04-03 15:09:06,974 [INFO] backend.services.mqtt_listener:63 - 
2026-04-03 15:09:06,975 [INFO] backend.services.mqtt_listener:63 - ==========================================================================================
2026-04-03 15:09:06,975 [INFO] backend.services.mqtt_listener:63 - SYNC RESPONSE OK | smx-000-001
2026-04-03 15:09:06,976 [INFO] backend.services.mqtt_listener:63 - ------------------------------------------------------------------------------------------
2026-04-03 15:09:06,976 [INFO] backend.services.mqtt_listener:63 - current_file_index=2
2026-04-03 15:09:06,976 [INFO] backend.services.mqtt_listener:63 - path=/Raw/26-04-01.txt
2026-04-03 15:09:06,977 [INFO] backend.services.mqtt_listener:63 - offset=900
2026-04-03 15:09:06,977 [INFO] backend.services.mqtt_listener:63 - count=150
2026-04-03 15:09:06,978 [INFO] backend.services.mqtt_listener:63 - has_more=True
2026-04-03 15:09:06,978 [INFO] backend.services.mqtt_listener:63 - next_offset=1050
2026-04-03 15:09:06,978 [INFO] backend.services.mqtt_listener:63 - ==========================================================================================
2026-04-03 15:09:06,979 [INFO] backend.services.mqtt_listener:63 - Solicitando pacote para smx-000-001: path=/Raw/26-04-01.txt offset=1050 limit=150
2026-04-03 15:09:06,980 [INFO] backend.services.mqtt_listener:446 - Mensagem MQTT publicada. topic=/smx-000-001/broker/to/uc mid=41
2026-04-03 15:09:08,200 [INFO] backend.services.mqtt_listener:127 - Mensagem MQTT recebida. topic=/smx-000-001/uc/to/broker
2026-04-03 15:09:08,203 [INFO] backend.services.mqtt_listener:63 - 
2026-04-03 15:09:08,203 [INFO] backend.services.mqtt_listener:63 - ==========================================================================================
2026-04-03 15:09:08,203 [INFO] backend.services.mqtt_listener:63 - SYNC RESPONSE OK | smx-000-001
2026-04-03 15:09:08,204 [INFO] backend.services.mqtt_listener:63 - ------------------------------------------------------------------------------------------
2026-04-03 15:09:08,204 [INFO] backend.services.mqtt_listener:63 - current_file_index=2
2026-04-03 15:09:08,205 [INFO] backend.services.mqtt_listener:63 - path=/Raw/26-04-01.txt
2026-04-03 15:09:08,205 [INFO] backend.services.mqtt_listener:63 - offset=1050
2026-04-03 15:09:08,206 [INFO] backend.services.mqtt_listener:63 - count=150
2026-04-03 15:09:08,206 [INFO] backend.services.mqtt_listener:63 - has_more=True
2026-04-03 15:09:08,206 [INFO] backend.services.mqtt_listener:63 - next_offset=1200
2026-04-03 15:09:08,207 [INFO] backend.services.mqtt_listener:63 - ==========================================================================================
2026-04-03 15:09:08,207 [INFO] backend.services.mqtt_listener:63 - Solicitando pacote para smx-000-001: path=/Raw/26-04-01.txt offset=1200 limit=150
2026-04-03 15:09:08,208 [INFO] backend.services.mqtt_listener:446 - Mensagem MQTT publicada. topic=/smx-000-001/broker/to/uc mid=42
2026-04-03 15:09:09,531 [INFO] backend.services.mqtt_listener:127 - Mensagem MQTT recebida. topic=/smx-000-001/uc/to/broker
2026-04-03 15:09:09,540 [INFO] backend.services.mqtt_listener:63 - 
2026-04-03 15:09:09,540 [INFO] backend.services.mqtt_listener:63 - ==========================================================================================
2026-04-03 15:09:09,541 [INFO] backend.services.mqtt_listener:63 - SYNC RESPONSE OK | smx-000-001
2026-04-03 15:09:09,542 [INFO] backend.services.mqtt_listener:63 - ------------------------------------------------------------------------------------------
2026-04-03 15:09:09,542 [INFO] backend.services.mqtt_listener:63 - current_file_index=2
2026-04-03 15:09:09,543 [INFO] backend.services.mqtt_listener:63 - path=/Raw/26-04-01.txt
2026-04-03 15:09:09,543 [INFO] backend.services.mqtt_listener:63 - offset=1200
2026-04-03 15:09:09,544 [INFO] backend.services.mqtt_listener:63 - count=150
2026-04-03 15:09:09,544 [INFO] backend.services.mqtt_listener:63 - has_more=True
2026-04-03 15:09:09,545 [INFO] backend.services.mqtt_listener:63 - next_offset=1350
2026-04-03 15:09:09,545 [INFO] backend.services.mqtt_listener:63 - ==========================================================================================
2026-04-03 15:09:09,546 [INFO] backend.services.mqtt_listener:63 - Solicitando pacote para smx-000-001: path=/Raw/26-04-01.txt offset=1350 limit=150
2026-04-03 15:09:09,546 [INFO] backend.services.mqtt_listener:446 - Mensagem MQTT publicada. topic=/smx-000-001/broker/to/uc mid=43
2026-04-03 15:09:10,757 [INFO] backend.services.mqtt_listener:127 - Mensagem MQTT recebida. topic=/smx-000-001/uc/to/broker
2026-04-03 15:09:10,760 [INFO] backend.services.mqtt_listener:63 - 
2026-04-03 15:09:10,760 [INFO] backend.services.mqtt_listener:63 - ==========================================================================================
2026-04-03 15:09:10,760 [INFO] backend.services.mqtt_listener:63 - SYNC RESPONSE OK | smx-000-001
2026-04-03 15:09:10,761 [INFO] backend.services.mqtt_listener:63 - ------------------------------------------------------------------------------------------
2026-04-03 15:09:10,761 [INFO] backend.services.mqtt_listener:63 - current_file_index=2
2026-04-03 15:09:10,762 [INFO] backend.services.mqtt_listener:63 - path=/Raw/26-04-01.txt
2026-04-03 15:09:10,762 [INFO] backend.services.mqtt_listener:63 - offset=1350
2026-04-03 15:09:10,762 [INFO] backend.services.mqtt_listener:63 - count=150
2026-04-03 15:09:10,763 [INFO] backend.services.mqtt_listener:63 - has_more=True
2026-04-03 15:09:10,763 [INFO] backend.services.mqtt_listener:63 - next_offset=1500
2026-04-03 15:09:10,763 [INFO] backend.services.mqtt_listener:63 - ==========================================================================================
2026-04-03 15:09:10,764 [INFO] backend.services.mqtt_listener:63 - Solicitando pacote para smx-000-001: path=/Raw/26-04-01.txt offset=1500 limit=150
2026-04-03 15:09:10,765 [INFO] backend.services.mqtt_listener:446 - Mensagem MQTT publicada. topic=/smx-000-001/broker/to/uc mid=44
2026-04-03 15:09:11,988 [INFO] backend.services.mqtt_listener:127 - Mensagem MQTT recebida. topic=/smx-000-001/uc/to/broker
2026-04-03 15:09:11,991 [INFO] backend.services.mqtt_listener:63 - 
2026-04-03 15:09:11,991 [INFO] backend.services.mqtt_listener:63 - ==========================================================================================
2026-04-03 15:09:11,992 [INFO] backend.services.mqtt_listener:63 - SYNC RESPONSE OK | smx-000-001
2026-04-03 15:09:11,992 [INFO] backend.services.mqtt_listener:63 - ------------------------------------------------------------------------------------------
2026-04-03 15:09:11,993 [INFO] backend.services.mqtt_listener:63 - current_file_index=2
2026-04-03 15:09:11,993 [INFO] backend.services.mqtt_listener:63 - path=/Raw/26-04-01.txt
2026-04-03 15:09:11,993 [INFO] backend.services.mqtt_listener:63 - offset=1500
2026-04-03 15:09:11,994 [INFO] backend.services.mqtt_listener:63 - count=150
2026-04-03 15:09:11,994 [INFO] backend.services.mqtt_listener:63 - has_more=True
2026-04-03 15:09:11,994 [INFO] backend.services.mqtt_listener:63 - next_offset=1650
2026-04-03 15:09:11,995 [INFO] backend.services.mqtt_listener:63 - ==========================================================================================
2026-04-03 15:09:11,996 [INFO] backend.services.mqtt_listener:63 - Solicitando pacote para smx-000-001: path=/Raw/26-04-01.txt offset=1650 limit=150
2026-04-03 15:09:11,996 [INFO] backend.services.mqtt_listener:446 - Mensagem MQTT publicada. topic=/smx-000-001/broker/to/uc mid=45
2026-04-03 15:09:13,215 [INFO] backend.services.mqtt_listener:127 - Mensagem MQTT recebida. topic=/smx-000-001/uc/to/broker
2026-04-03 15:09:13,218 [INFO] backend.services.mqtt_listener:63 - 
2026-04-03 15:09:13,218 [INFO] backend.services.mqtt_listener:63 - ==========================================================================================
2026-04-03 15:09:13,219 [INFO] backend.services.mqtt_listener:63 - SYNC RESPONSE OK | smx-000-001
2026-04-03 15:09:13,219 [INFO] backend.services.mqtt_listener:63 - ------------------------------------------------------------------------------------------
2026-04-03 15:09:13,220 [INFO] backend.services.mqtt_listener:63 - current_file_index=2
2026-04-03 15:09:13,220 [INFO] backend.services.mqtt_listener:63 - path=/Raw/26-04-01.txt
2026-04-03 15:09:13,221 [INFO] backend.services.mqtt_listener:63 - offset=1650
2026-04-03 15:09:13,222 [INFO] backend.services.mqtt_listener:63 - count=150
2026-04-03 15:09:13,222 [INFO] backend.services.mqtt_listener:63 - has_more=True
2026-04-03 15:09:13,223 [INFO] backend.services.mqtt_listener:63 - next_offset=1800
2026-04-03 15:09:13,223 [INFO] backend.services.mqtt_listener:63 - ==========================================================================================
2026-04-03 15:09:13,224 [INFO] backend.services.mqtt_listener:63 - Solicitando pacote para smx-000-001: path=/Raw/26-04-01.txt offset=1800 limit=150
2026-04-03 15:09:13,224 [INFO] backend.services.mqtt_listener:446 - Mensagem MQTT publicada. topic=/smx-000-001/broker/to/uc mid=46
2026-04-03 15:09:14,551 [INFO] backend.services.mqtt_listener:127 - Mensagem MQTT recebida. topic=/smx-000-001/uc/to/broker
2026-04-03 15:09:14,554 [INFO] backend.services.mqtt_listener:63 - 
2026-04-03 15:09:14,554 [INFO] backend.services.mqtt_listener:63 - ==========================================================================================
2026-04-03 15:09:14,555 [INFO] backend.services.mqtt_listener:63 - SYNC RESPONSE OK | smx-000-001
2026-04-03 15:09:14,556 [INFO] backend.services.mqtt_listener:63 - ------------------------------------------------------------------------------------------
2026-04-03 15:09:14,556 [INFO] backend.services.mqtt_listener:63 - current_file_index=2
2026-04-03 15:09:14,557 [INFO] backend.services.mqtt_listener:63 - path=/Raw/26-04-01.txt
2026-04-03 15:09:14,557 [INFO] backend.services.mqtt_listener:63 - offset=1800
2026-04-03 15:09:14,558 [INFO] backend.services.mqtt_listener:63 - count=150
2026-04-03 15:09:14,558 [INFO] backend.services.mqtt_listener:63 - has_more=True
2026-04-03 15:09:14,558 [INFO] backend.services.mqtt_listener:63 - next_offset=1950
2026-04-03 15:09:14,559 [INFO] backend.services.mqtt_listener:63 - ==========================================================================================
2026-04-03 15:09:14,560 [INFO] backend.services.mqtt_listener:63 - Solicitando pacote para smx-000-001: path=/Raw/26-04-01.txt offset=1950 limit=150
2026-04-03 15:09:14,560 [INFO] backend.services.mqtt_listener:446 - Mensagem MQTT publicada. topic=/smx-000-001/broker/to/uc mid=47
2026-04-03 15:09:15,778 [INFO] backend.services.mqtt_listener:127 - Mensagem MQTT recebida. topic=/smx-000-001/uc/to/broker
2026-04-03 15:09:15,781 [INFO] backend.services.mqtt_listener:63 - 
2026-04-03 15:09:15,781 [INFO] backend.services.mqtt_listener:63 - ==========================================================================================
2026-04-03 15:09:15,782 [INFO] backend.services.mqtt_listener:63 - SYNC RESPONSE OK | smx-000-001
2026-04-03 15:09:15,782 [INFO] backend.services.mqtt_listener:63 - ------------------------------------------------------------------------------------------
2026-04-03 15:09:15,783 [INFO] backend.services.mqtt_listener:63 - current_file_index=2
2026-04-03 15:09:15,783 [INFO] backend.services.mqtt_listener:63 - path=/Raw/26-04-01.txt
2026-04-03 15:09:15,783 [INFO] backend.services.mqtt_listener:63 - offset=1950
2026-04-03 15:09:15,784 [INFO] backend.services.mqtt_listener:63 - count=150
2026-04-03 15:09:15,784 [INFO] backend.services.mqtt_listener:63 - has_more=True
2026-04-03 15:09:15,785 [INFO] backend.services.mqtt_listener:63 - next_offset=2100
2026-04-03 15:09:15,785 [INFO] backend.services.mqtt_listener:63 - ==========================================================================================
2026-04-03 15:09:15,786 [INFO] backend.services.mqtt_listener:63 - Solicitando pacote para smx-000-001: path=/Raw/26-04-01.txt offset=2100 limit=150
2026-04-03 15:09:15,787 [INFO] backend.services.mqtt_listener:446 - Mensagem MQTT publicada. topic=/smx-000-001/broker/to/uc mid=48
2026-04-03 15:09:17,005 [INFO] backend.services.mqtt_listener:127 - Mensagem MQTT recebida. topic=/smx-000-001/uc/to/broker
2026-04-03 15:09:17,007 [INFO] backend.services.mqtt_listener:63 - 
2026-04-03 15:09:17,008 [INFO] backend.services.mqtt_listener:63 - ==========================================================================================
2026-04-03 15:09:17,008 [INFO] backend.services.mqtt_listener:63 - SYNC RESPONSE OK | smx-000-001
2026-04-03 15:09:17,009 [INFO] backend.services.mqtt_listener:63 - ------------------------------------------------------------------------------------------
2026-04-03 15:09:17,009 [INFO] backend.services.mqtt_listener:63 - current_file_index=2
2026-04-03 15:09:17,009 [INFO] backend.services.mqtt_listener:63 - path=/Raw/26-04-01.txt
2026-04-03 15:09:17,010 [INFO] backend.services.mqtt_listener:63 - offset=2100
2026-04-03 15:09:17,010 [INFO] backend.services.mqtt_listener:63 - count=150
2026-04-03 15:09:17,011 [INFO] backend.services.mqtt_listener:63 - has_more=True
2026-04-03 15:09:17,011 [INFO] backend.services.mqtt_listener:63 - next_offset=2250
2026-04-03 15:09:17,011 [INFO] backend.services.mqtt_listener:63 - ==========================================================================================
2026-04-03 15:09:17,012 [INFO] backend.services.mqtt_listener:63 - Solicitando pacote para smx-000-001: path=/Raw/26-04-01.txt offset=2250 limit=150
2026-04-03 15:09:17,013 [INFO] backend.services.mqtt_listener:446 - Mensagem MQTT publicada. topic=/smx-000-001/broker/to/uc mid=49
2026-04-03 15:09:18,132 [INFO] backend.services.mqtt_listener:127 - Mensagem MQTT recebida. topic=/smx-000-001/uc/to/broker
2026-04-03 15:09:18,134 [INFO] backend.services.mqtt_listener:63 - 
2026-04-03 15:09:18,136 [INFO] backend.services.mqtt_listener:63 - ==========================================================================================
2026-04-03 15:09:18,136 [INFO] backend.services.mqtt_listener:63 - SYNC RESPONSE OK | smx-000-001
2026-04-03 15:09:18,137 [INFO] backend.services.mqtt_listener:63 - ------------------------------------------------------------------------------------------
2026-04-03 15:09:18,137 [INFO] backend.services.mqtt_listener:63 - current_file_index=2
2026-04-03 15:09:18,137 [INFO] backend.services.mqtt_listener:63 - path=/Raw/26-04-01.txt
2026-04-03 15:09:18,138 [INFO] backend.services.mqtt_listener:63 - offset=2250
2026-04-03 15:09:18,138 [INFO] backend.services.mqtt_listener:63 - count=150
2026-04-03 15:09:18,139 [INFO] backend.services.mqtt_listener:63 - has_more=True
2026-04-03 15:09:18,139 [INFO] backend.services.mqtt_listener:63 - next_offset=2400
2026-04-03 15:09:18,140 [INFO] backend.services.mqtt_listener:63 - ==========================================================================================
2026-04-03 15:09:18,141 [INFO] backend.services.mqtt_listener:63 - Solicitando pacote para smx-000-001: path=/Raw/26-04-01.txt offset=2400 limit=150
2026-04-03 15:09:18,142 [INFO] backend.services.mqtt_listener:446 - Mensagem MQTT publicada. topic=/smx-000-001/broker/to/uc mid=50
2026-04-03 15:09:19,257 [INFO] backend.services.mqtt_listener:127 - Mensagem MQTT recebida. topic=/smx-000-001/uc/to/broker
2026-04-03 15:09:19,260 [INFO] backend.services.mqtt_listener:63 - 
2026-04-03 15:09:19,260 [INFO] backend.services.mqtt_listener:63 - ==========================================================================================
2026-04-03 15:09:19,261 [INFO] backend.services.mqtt_listener:63 - SYNC RESPONSE OK | smx-000-001
2026-04-03 15:09:19,261 [INFO] backend.services.mqtt_listener:63 - ------------------------------------------------------------------------------------------
2026-04-03 15:09:19,262 [INFO] backend.services.mqtt_listener:63 - current_file_index=2
2026-04-03 15:09:19,262 [INFO] backend.services.mqtt_listener:63 - path=/Raw/26-04-01.txt
2026-04-03 15:09:19,262 [INFO] backend.services.mqtt_listener:63 - offset=2400
2026-04-03 15:09:19,263 [INFO] backend.services.mqtt_listener:63 - count=150
2026-04-03 15:09:19,263 [INFO] backend.services.mqtt_listener:63 - has_more=True
2026-04-03 15:09:19,264 [INFO] backend.services.mqtt_listener:63 - next_offset=2550
2026-04-03 15:09:19,264 [INFO] backend.services.mqtt_listener:63 - ==========================================================================================
2026-04-03 15:09:19,265 [INFO] backend.services.mqtt_listener:63 - Solicitando pacote para smx-000-001: path=/Raw/26-04-01.txt offset=2550 limit=150
2026-04-03 15:09:19,266 [INFO] backend.services.mqtt_listener:446 - Mensagem MQTT publicada. topic=/smx-000-001/broker/to/uc mid=51
2026-04-03 15:09:20,590 [INFO] backend.services.mqtt_listener:127 - Mensagem MQTT recebida. topic=/smx-000-001/uc/to/broker
2026-04-03 15:09:20,593 [INFO] backend.services.mqtt_listener:63 - 
2026-04-03 15:09:20,594 [INFO] backend.services.mqtt_listener:63 - ==========================================================================================
2026-04-03 15:09:20,594 [INFO] backend.services.mqtt_listener:63 - SYNC RESPONSE OK | smx-000-001
2026-04-03 15:09:20,594 [INFO] backend.services.mqtt_listener:63 - ------------------------------------------------------------------------------------------
2026-04-03 15:09:20,595 [INFO] backend.services.mqtt_listener:63 - current_file_index=2
2026-04-03 15:09:20,595 [INFO] backend.services.mqtt_listener:63 - path=/Raw/26-04-01.txt
2026-04-03 15:09:20,596 [INFO] backend.services.mqtt_listener:63 - offset=2550
2026-04-03 15:09:20,596 [INFO] backend.services.mqtt_listener:63 - count=150
2026-04-03 15:09:20,596 [INFO] backend.services.mqtt_listener:63 - has_more=True
2026-04-03 15:09:20,597 [INFO] backend.services.mqtt_listener:63 - next_offset=2700
2026-04-03 15:09:20,597 [INFO] backend.services.mqtt_listener:63 - ==========================================================================================
2026-04-03 15:09:20,598 [INFO] backend.services.mqtt_listener:63 - Solicitando pacote para smx-000-001: path=/Raw/26-04-01.txt offset=2700 limit=150
2026-04-03 15:09:20,598 [INFO] backend.services.mqtt_listener:446 - Mensagem MQTT publicada. topic=/smx-000-001/broker/to/uc mid=52
2026-04-03 15:09:21,818 [INFO] backend.services.mqtt_listener:127 - Mensagem MQTT recebida. topic=/smx-000-001/uc/to/broker
2026-04-03 15:09:21,820 [INFO] backend.services.mqtt_listener:63 - 
2026-04-03 15:09:21,822 [INFO] backend.services.mqtt_listener:63 - ==========================================================================================
2026-04-03 15:09:21,822 [INFO] backend.services.mqtt_listener:63 - SYNC RESPONSE OK | smx-000-001
2026-04-03 15:09:21,822 [INFO] backend.services.mqtt_listener:63 - ------------------------------------------------------------------------------------------
2026-04-03 15:09:21,823 [INFO] backend.services.mqtt_listener:63 - current_file_index=2
2026-04-03 15:09:21,823 [INFO] backend.services.mqtt_listener:63 - path=/Raw/26-04-01.txt
2026-04-03 15:09:21,824 [INFO] backend.services.mqtt_listener:63 - offset=2700
2026-04-03 15:09:21,824 [INFO] backend.services.mqtt_listener:63 - count=150
2026-04-03 15:09:21,825 [INFO] backend.services.mqtt_listener:63 - has_more=True
2026-04-03 15:09:21,826 [INFO] backend.services.mqtt_listener:63 - next_offset=2850
2026-04-03 15:09:21,826 [INFO] backend.services.mqtt_listener:63 - ==========================================================================================
2026-04-03 15:09:21,827 [INFO] backend.services.mqtt_listener:63 - Solicitando pacote para smx-000-001: path=/Raw/26-04-01.txt offset=2850 limit=150
2026-04-03 15:09:21,827 [INFO] backend.services.mqtt_listener:446 - Mensagem MQTT publicada. topic=/smx-000-001/broker/to/uc mid=53
2026-04-03 15:09:23,048 [INFO] backend.services.mqtt_listener:127 - Mensagem MQTT recebida. topic=/smx-000-001/uc/to/broker
2026-04-03 15:09:23,132 [INFO] backend.services.mqtt_listener:63 - 
2026-04-03 15:09:23,133 [INFO] backend.services.mqtt_listener:63 - ==========================================================================================
2026-04-03 15:09:23,134 [INFO] backend.services.mqtt_listener:63 - SYNC RESPONSE OK | smx-000-001
2026-04-03 15:09:23,136 [INFO] backend.services.mqtt_listener:63 - ------------------------------------------------------------------------------------------
2026-04-03 15:09:23,137 [INFO] backend.services.mqtt_listener:63 - current_file_index=2
2026-04-03 15:09:23,145 [INFO] backend.services.mqtt_listener:63 - path=/Raw/26-04-01.txt
2026-04-03 15:09:23,146 [INFO] backend.services.mqtt_listener:63 - offset=2850
2026-04-03 15:09:23,146 [INFO] backend.services.mqtt_listener:63 - count=150
2026-04-03 15:09:23,148 [INFO] backend.services.mqtt_listener:63 - has_more=True
2026-04-03 15:09:23,148 [INFO] backend.services.mqtt_listener:63 - next_offset=3000
2026-04-03 15:09:23,149 [INFO] backend.services.mqtt_listener:63 - ==========================================================================================
2026-04-03 15:09:23,150 [INFO] backend.services.mqtt_listener:63 - Solicitando pacote para smx-000-001: path=/Raw/26-04-01.txt offset=3000 limit=150
2026-04-03 15:09:23,150 [INFO] backend.services.mqtt_listener:446 - Mensagem MQTT publicada. topic=/smx-000-001/broker/to/uc mid=54
2026-04-03 15:09:24,278 [INFO] backend.services.mqtt_listener:127 - Mensagem MQTT recebida. topic=/smx-000-001/uc/to/broker
2026-04-03 15:09:24,280 [INFO] backend.services.mqtt_listener:63 - 
2026-04-03 15:09:24,281 [INFO] backend.services.mqtt_listener:63 - ==========================================================================================
2026-04-03 15:09:24,281 [INFO] backend.services.mqtt_listener:63 - SYNC RESPONSE OK | smx-000-001
2026-04-03 15:09:24,282 [INFO] backend.services.mqtt_listener:63 - ------------------------------------------------------------------------------------------
2026-04-03 15:09:24,282 [INFO] backend.services.mqtt_listener:63 - current_file_index=2
2026-04-03 15:09:24,283 [INFO] backend.services.mqtt_listener:63 - path=/Raw/26-04-01.txt
2026-04-03 15:09:24,283 [INFO] backend.services.mqtt_listener:63 - offset=3000
2026-04-03 15:09:24,283 [INFO] backend.services.mqtt_listener:63 - count=150
2026-04-03 15:09:24,284 [INFO] backend.services.mqtt_listener:63 - has_more=True
2026-04-03 15:09:24,284 [INFO] backend.services.mqtt_listener:63 - next_offset=3150
2026-04-03 15:09:24,285 [INFO] backend.services.mqtt_listener:63 - ==========================================================================================
2026-04-03 15:09:24,285 [INFO] backend.services.mqtt_listener:63 - Solicitando pacote para smx-000-001: path=/Raw/26-04-01.txt offset=3150 limit=150
2026-04-03 15:09:24,286 [INFO] backend.services.mqtt_listener:446 - Mensagem MQTT publicada. topic=/smx-000-001/broker/to/uc mid=55
2026-04-03 15:09:25,403 [INFO] backend.services.mqtt_listener:127 - Mensagem MQTT recebida. topic=/smx-000-001/uc/to/broker
2026-04-03 15:09:25,405 [INFO] backend.services.mqtt_listener:63 - 
2026-04-03 15:09:25,406 [INFO] backend.services.mqtt_listener:63 - ==========================================================================================
2026-04-03 15:09:25,406 [INFO] backend.services.mqtt_listener:63 - SYNC RESPONSE OK | smx-000-001
2026-04-03 15:09:25,407 [INFO] backend.services.mqtt_listener:63 - ------------------------------------------------------------------------------------------
2026-04-03 15:09:25,407 [INFO] backend.services.mqtt_listener:63 - current_file_index=2
2026-04-03 15:09:25,407 [INFO] backend.services.mqtt_listener:63 - path=/Raw/26-04-01.txt
2026-04-03 15:09:25,408 [INFO] backend.services.mqtt_listener:63 - offset=3150
2026-04-03 15:09:25,408 [INFO] backend.services.mqtt_listener:63 - count=150
2026-04-03 15:09:25,409 [INFO] backend.services.mqtt_listener:63 - has_more=True
2026-04-03 15:09:25,409 [INFO] backend.services.mqtt_listener:63 - next_offset=3300
2026-04-03 15:09:25,410 [INFO] backend.services.mqtt_listener:63 - ==========================================================================================
2026-04-03 15:09:25,411 [INFO] backend.services.mqtt_listener:63 - Solicitando pacote para smx-000-001: path=/Raw/26-04-01.txt offset=3300 limit=150
2026-04-03 15:09:25,411 [INFO] backend.services.mqtt_listener:446 - Mensagem MQTT publicada. topic=/smx-000-001/broker/to/uc mid=56
2026-04-03 15:09:26,632 [INFO] backend.services.mqtt_listener:127 - Mensagem MQTT recebida. topic=/smx-000-001/uc/to/broker
2026-04-03 15:09:26,634 [INFO] backend.services.mqtt_listener:63 - 
2026-04-03 15:09:26,636 [INFO] backend.services.mqtt_listener:63 - ==========================================================================================
2026-04-03 15:09:26,636 [INFO] backend.services.mqtt_listener:63 - SYNC RESPONSE OK | smx-000-001
2026-04-03 15:09:26,637 [INFO] backend.services.mqtt_listener:63 - ------------------------------------------------------------------------------------------
2026-04-03 15:09:26,637 [INFO] backend.services.mqtt_listener:63 - current_file_index=2
2026-04-03 15:09:26,638 [INFO] backend.services.mqtt_listener:63 - path=/Raw/26-04-01.txt
2026-04-03 15:09:26,638 [INFO] backend.services.mqtt_listener:63 - offset=3300
2026-04-03 15:09:26,639 [INFO] backend.services.mqtt_listener:63 - count=150
2026-04-03 15:09:26,639 [INFO] backend.services.mqtt_listener:63 - has_more=True
2026-04-03 15:09:26,639 [INFO] backend.services.mqtt_listener:63 - next_offset=3450
2026-04-03 15:09:26,640 [INFO] backend.services.mqtt_listener:63 - ==========================================================================================
2026-04-03 15:09:26,640 [INFO] backend.services.mqtt_listener:63 - Solicitando pacote para smx-000-001: path=/Raw/26-04-01.txt offset=3450 limit=150
2026-04-03 15:09:26,641 [INFO] backend.services.mqtt_listener:446 - Mensagem MQTT publicada. topic=/smx-000-001/broker/to/uc mid=57
2026-04-03 15:09:27,859 [INFO] backend.services.mqtt_listener:127 - Mensagem MQTT recebida. topic=/smx-000-001/uc/to/broker
2026-04-03 15:09:27,862 [INFO] backend.services.mqtt_listener:63 - 
2026-04-03 15:09:27,862 [INFO] backend.services.mqtt_listener:63 - ==========================================================================================
2026-04-03 15:09:27,863 [INFO] backend.services.mqtt_listener:63 - SYNC RESPONSE OK | smx-000-001
2026-04-03 15:09:27,863 [INFO] backend.services.mqtt_listener:63 - ------------------------------------------------------------------------------------------
2026-04-03 15:09:27,863 [INFO] backend.services.mqtt_listener:63 - current_file_index=2
2026-04-03 15:09:27,864 [INFO] backend.services.mqtt_listener:63 - path=/Raw/26-04-01.txt
2026-04-03 15:09:27,864 [INFO] backend.services.mqtt_listener:63 - offset=3450
2026-04-03 15:09:27,865 [INFO] backend.services.mqtt_listener:63 - count=150
2026-04-03 15:09:27,865 [INFO] backend.services.mqtt_listener:63 - has_more=True
2026-04-03 15:09:27,865 [INFO] backend.services.mqtt_listener:63 - next_offset=3600
2026-04-03 15:09:27,866 [INFO] backend.services.mqtt_listener:63 - ==========================================================================================
2026-04-03 15:09:27,866 [INFO] backend.services.mqtt_listener:63 - Solicitando pacote para smx-000-001: path=/Raw/26-04-01.txt offset=3600 limit=150
2026-04-03 15:09:27,867 [INFO] backend.services.mqtt_listener:446 - Mensagem MQTT publicada. topic=/smx-000-001/broker/to/uc mid=58
2026-04-03 15:09:29,088 [INFO] backend.services.mqtt_listener:127 - Mensagem MQTT recebida. topic=/smx-000-001/uc/to/broker
2026-04-03 15:09:29,091 [INFO] backend.services.mqtt_listener:63 - 
2026-04-03 15:09:29,091 [INFO] backend.services.mqtt_listener:63 - ==========================================================================================
2026-04-03 15:09:29,092 [INFO] backend.services.mqtt_listener:63 - SYNC RESPONSE OK | smx-000-001
2026-04-03 15:09:29,092 [INFO] backend.services.mqtt_listener:63 - ------------------------------------------------------------------------------------------
2026-04-03 15:09:29,092 [INFO] backend.services.mqtt_listener:63 - current_file_index=2
2026-04-03 15:09:29,093 [INFO] backend.services.mqtt_listener:63 - path=/Raw/26-04-01.txt
2026-04-03 15:09:29,093 [INFO] backend.services.mqtt_listener:63 - offset=3600
2026-04-03 15:09:29,094 [INFO] backend.services.mqtt_listener:63 - count=150
2026-04-03 15:09:29,094 [INFO] backend.services.mqtt_listener:63 - has_more=True
2026-04-03 15:09:29,096 [INFO] backend.services.mqtt_listener:63 - next_offset=3750
2026-04-03 15:09:29,096 [INFO] backend.services.mqtt_listener:63 - ==========================================================================================
2026-04-03 15:09:29,097 [INFO] backend.services.mqtt_listener:63 - Solicitando pacote para smx-000-001: path=/Raw/26-04-01.txt offset=3750 limit=150
2026-04-03 15:09:29,097 [INFO] backend.services.mqtt_listener:446 - Mensagem MQTT publicada. topic=/smx-000-001/broker/to/uc mid=59
2026-04-03 15:09:30,319 [INFO] backend.services.mqtt_listener:127 - Mensagem MQTT recebida. topic=/smx-000-001/uc/to/broker
2026-04-03 15:09:30,322 [INFO] backend.services.mqtt_listener:63 - 
2026-04-03 15:09:30,322 [INFO] backend.services.mqtt_listener:63 - ==========================================================================================
2026-04-03 15:09:30,322 [INFO] backend.services.mqtt_listener:63 - SYNC RESPONSE OK | smx-000-001
2026-04-03 15:09:30,323 [INFO] backend.services.mqtt_listener:63 - ------------------------------------------------------------------------------------------
2026-04-03 15:09:30,323 [INFO] backend.services.mqtt_listener:63 - current_file_index=2
2026-04-03 15:09:30,324 [INFO] backend.services.mqtt_listener:63 - path=/Raw/26-04-01.txt
2026-04-03 15:09:30,324 [INFO] backend.services.mqtt_listener:63 - offset=3750
2026-04-03 15:09:30,324 [INFO] backend.services.mqtt_listener:63 - count=150
2026-04-03 15:09:30,325 [INFO] backend.services.mqtt_listener:63 - has_more=True
2026-04-03 15:09:30,325 [INFO] backend.services.mqtt_listener:63 - next_offset=3900
2026-04-03 15:09:30,325 [INFO] backend.services.mqtt_listener:63 - ==========================================================================================
2026-04-03 15:09:30,326 [INFO] backend.services.mqtt_listener:63 - Solicitando pacote para smx-000-001: path=/Raw/26-04-01.txt offset=3900 limit=150
2026-04-03 15:09:30,326 [INFO] backend.services.mqtt_listener:446 - Mensagem MQTT publicada. topic=/smx-000-001/broker/to/uc mid=60
2026-04-03 15:09:31,650 [INFO] backend.services.mqtt_listener:127 - Mensagem MQTT recebida. topic=/smx-000-001/uc/to/broker
2026-04-03 15:09:31,652 [INFO] backend.services.mqtt_listener:63 - 
2026-04-03 15:09:31,654 [INFO] backend.services.mqtt_listener:63 - ==========================================================================================
2026-04-03 15:09:31,654 [INFO] backend.services.mqtt_listener:63 - SYNC RESPONSE OK | smx-000-001
2026-04-03 15:09:31,654 [INFO] backend.services.mqtt_listener:63 - ------------------------------------------------------------------------------------------
2026-04-03 15:09:31,655 [INFO] backend.services.mqtt_listener:63 - current_file_index=2
2026-04-03 15:09:31,655 [INFO] backend.services.mqtt_listener:63 - path=/Raw/26-04-01.txt
2026-04-03 15:09:31,656 [INFO] backend.services.mqtt_listener:63 - offset=3900
2026-04-03 15:09:31,656 [INFO] backend.services.mqtt_listener:63 - count=150
2026-04-03 15:09:31,656 [INFO] backend.services.mqtt_listener:63 - has_more=True
2026-04-03 15:09:31,657 [INFO] backend.services.mqtt_listener:63 - next_offset=4050
2026-04-03 15:09:31,657 [INFO] backend.services.mqtt_listener:63 - ==========================================================================================
2026-04-03 15:09:31,658 [INFO] backend.services.mqtt_listener:63 - Solicitando pacote para smx-000-001: path=/Raw/26-04-01.txt offset=4050 limit=150
2026-04-03 15:09:31,658 [INFO] backend.services.mqtt_listener:446 - Mensagem MQTT publicada. topic=/smx-000-001/broker/to/uc mid=61
2026-04-03 15:09:32,879 [INFO] backend.services.mqtt_listener:127 - Mensagem MQTT recebida. topic=/smx-000-001/uc/to/broker
2026-04-03 15:09:32,881 [INFO] backend.services.mqtt_listener:63 - 
2026-04-03 15:09:32,882 [INFO] backend.services.mqtt_listener:63 - ==========================================================================================
2026-04-03 15:09:32,883 [INFO] backend.services.mqtt_listener:63 - SYNC RESPONSE OK | smx-000-001
2026-04-03 15:09:32,883 [INFO] backend.services.mqtt_listener:63 - ------------------------------------------------------------------------------------------
2026-04-03 15:09:32,884 [INFO] backend.services.mqtt_listener:63 - current_file_index=2
2026-04-03 15:09:32,884 [INFO] backend.services.mqtt_listener:63 - path=/Raw/26-04-01.txt
2026-04-03 15:09:32,884 [INFO] backend.services.mqtt_listener:63 - offset=4050
2026-04-03 15:09:32,885 [INFO] backend.services.mqtt_listener:63 - count=150
2026-04-03 15:09:32,885 [INFO] backend.services.mqtt_listener:63 - has_more=True
2026-04-03 15:09:32,886 [INFO] backend.services.mqtt_listener:63 - next_offset=4200
2026-04-03 15:09:32,886 [INFO] backend.services.mqtt_listener:63 - ==========================================================================================
2026-04-03 15:09:32,887 [INFO] backend.services.mqtt_listener:63 - Solicitando pacote para smx-000-001: path=/Raw/26-04-01.txt offset=4200 limit=150
2026-04-03 15:09:32,887 [INFO] backend.services.mqtt_listener:446 - Mensagem MQTT publicada. topic=/smx-000-001/broker/to/uc mid=62
2026-04-03 15:09:34,109 [INFO] backend.services.mqtt_listener:127 - Mensagem MQTT recebida. topic=/smx-000-001/uc/to/broker
2026-04-03 15:09:34,112 [INFO] backend.services.mqtt_listener:63 - 
2026-04-03 15:09:34,113 [INFO] backend.services.mqtt_listener:63 - ==========================================================================================
2026-04-03 15:09:34,113 [INFO] backend.services.mqtt_listener:63 - SYNC RESPONSE OK | smx-000-001
2026-04-03 15:09:34,115 [INFO] backend.services.mqtt_listener:63 - ------------------------------------------------------------------------------------------
2026-04-03 15:09:34,115 [INFO] backend.services.mqtt_listener:63 - current_file_index=2
2026-04-03 15:09:34,115 [INFO] backend.services.mqtt_listener:63 - path=/Raw/26-04-01.txt
2026-04-03 15:09:34,116 [INFO] backend.services.mqtt_listener:63 - offset=4200
2026-04-03 15:09:34,116 [INFO] backend.services.mqtt_listener:63 - count=150
2026-04-03 15:09:34,117 [INFO] backend.services.mqtt_listener:63 - has_more=True
2026-04-03 15:09:34,117 [INFO] backend.services.mqtt_listener:63 - next_offset=4350
2026-04-03 15:09:34,118 [INFO] backend.services.mqtt_listener:63 - ==========================================================================================
2026-04-03 15:09:34,118 [INFO] backend.services.mqtt_listener:63 - Solicitando pacote para smx-000-001: path=/Raw/26-04-01.txt offset=4350 limit=150
2026-04-03 15:09:34,119 [INFO] backend.services.mqtt_listener:446 - Mensagem MQTT publicada. topic=/smx-000-001/broker/to/uc mid=63
2026-04-03 15:09:35,337 [INFO] backend.services.mqtt_listener:127 - Mensagem MQTT recebida. topic=/smx-000-001/uc/to/broker
2026-04-03 15:09:35,340 [INFO] backend.services.mqtt_listener:63 - 
2026-04-03 15:09:35,340 [INFO] backend.services.mqtt_listener:63 - ==========================================================================================
2026-04-03 15:09:35,340 [INFO] backend.services.mqtt_listener:63 - SYNC RESPONSE OK | smx-000-001
2026-04-03 15:09:35,341 [INFO] backend.services.mqtt_listener:63 - ------------------------------------------------------------------------------------------
2026-04-03 15:09:35,341 [INFO] backend.services.mqtt_listener:63 - current_file_index=2
2026-04-03 15:09:35,342 [INFO] backend.services.mqtt_listener:63 - path=/Raw/26-04-01.txt
2026-04-03 15:09:35,342 [INFO] backend.services.mqtt_listener:63 - offset=4350
2026-04-03 15:09:35,342 [INFO] backend.services.mqtt_listener:63 - count=150
2026-04-03 15:09:35,343 [INFO] backend.services.mqtt_listener:63 - has_more=True
2026-04-03 15:09:35,343 [INFO] backend.services.mqtt_listener:63 - next_offset=4500
2026-04-03 15:09:35,343 [INFO] backend.services.mqtt_listener:63 - ==========================================================================================
2026-04-03 15:09:35,344 [INFO] backend.services.mqtt_listener:63 - Solicitando pacote para smx-000-001: path=/Raw/26-04-01.txt offset=4500 limit=150
2026-04-03 15:09:35,345 [INFO] backend.services.mqtt_listener:446 - Mensagem MQTT publicada. topic=/smx-000-001/broker/to/uc mid=64
2026-04-03 15:09:36,668 [INFO] backend.services.mqtt_listener:127 - Mensagem MQTT recebida. topic=/smx-000-001/uc/to/broker
2026-04-03 15:09:36,671 [INFO] backend.services.mqtt_listener:63 - 
2026-04-03 15:09:36,671 [INFO] backend.services.mqtt_listener:63 - ==========================================================================================
2026-04-03 15:09:36,672 [INFO] backend.services.mqtt_listener:63 - SYNC RESPONSE OK | smx-000-001
2026-04-03 15:09:36,672 [INFO] backend.services.mqtt_listener:63 - ------------------------------------------------------------------------------------------
2026-04-03 15:09:36,672 [INFO] backend.services.mqtt_listener:63 - current_file_index=2
2026-04-03 15:09:36,673 [INFO] backend.services.mqtt_listener:63 - path=/Raw/26-04-01.txt
2026-04-03 15:09:36,673 [INFO] backend.services.mqtt_listener:63 - offset=4500
2026-04-03 15:09:36,674 [INFO] backend.services.mqtt_listener:63 - count=150
2026-04-03 15:09:36,674 [INFO] backend.services.mqtt_listener:63 - has_more=True
2026-04-03 15:09:36,675 [INFO] backend.services.mqtt_listener:63 - next_offset=4650
2026-04-03 15:09:36,675 [INFO] backend.services.mqtt_listener:63 - ==========================================================================================
2026-04-03 15:09:36,676 [INFO] backend.services.mqtt_listener:63 - Solicitando pacote para smx-000-001: path=/Raw/26-04-01.txt offset=4650 limit=150
2026-04-03 15:09:36,676 [INFO] backend.services.mqtt_listener:446 - Mensagem MQTT publicada. topic=/smx-000-001/broker/to/uc mid=65
2026-04-03 15:09:37,484 [INFO] backend.services.mqtt_listener:127 - Mensagem MQTT recebida. topic=/smx-000-001/uc/to/broker
2026-04-03 15:09:37,487 [INFO] backend.services.mqtt_listener:63 - 
2026-04-03 15:09:37,488 [INFO] backend.services.mqtt_listener:63 - ==========================================================================================
2026-04-03 15:09:37,488 [INFO] backend.services.mqtt_listener:63 - SYNC RESPONSE OK | smx-000-001
2026-04-03 15:09:37,488 [INFO] backend.services.mqtt_listener:63 - ------------------------------------------------------------------------------------------
2026-04-03 15:09:37,489 [INFO] backend.services.mqtt_listener:63 - current_file_index=2
2026-04-03 15:09:37,489 [INFO] backend.services.mqtt_listener:63 - path=/Raw/26-04-01.txt
2026-04-03 15:09:37,490 [INFO] backend.services.mqtt_listener:63 - offset=4650
2026-04-03 15:09:37,490 [INFO] backend.services.mqtt_listener:63 - count=71
2026-04-03 15:09:37,490 [INFO] backend.services.mqtt_listener:63 - has_more=False
2026-04-03 15:09:37,491 [INFO] backend.services.mqtt_listener:63 - next_offset=4721
2026-04-03 15:09:37,491 [INFO] backend.services.mqtt_listener:63 - ==========================================================================================
2026-04-03 15:09:37,492 [INFO] backend.services.mqtt_listener:63 - 
2026-04-03 15:09:37,493 [INFO] backend.services.mqtt_listener:63 - ==========================================================================================
2026-04-03 15:09:37,493 [INFO] backend.services.mqtt_listener:63 - SYNC FILE DONE | smx-000-001
2026-04-03 15:09:37,494 [INFO] backend.services.mqtt_listener:63 - ------------------------------------------------------------------------------------------
2026-04-03 15:09:37,498 [INFO] backend.services.mqtt_listener:63 - Arquivo concluido: /Raw/26-04-01.txt
2026-04-03 15:09:37,498 [INFO] backend.services.mqtt_listener:63 - current_file_index antes do incremento=2
2026-04-03 15:09:37,499 [INFO] backend.services.mqtt_listener:63 - Proximo passo real esperado: avisar UC para excluir o arquivo.
2026-04-03 15:09:37,499 [INFO] backend.services.mqtt_listener:63 - ==========================================================================================
2026-04-03 15:09:37,500 [INFO] backend.services.mqtt_listener:63 - 
2026-04-03 15:09:37,501 [INFO] backend.services.mqtt_listener:63 - ==========================================================================================
2026-04-03 15:09:37,501 [INFO] backend.services.mqtt_listener:63 - SYNC NEXT FILE | smx-000-001
2026-04-03 15:09:37,502 [INFO] backend.services.mqtt_listener:63 - ------------------------------------------------------------------------------------------
2026-04-03 15:09:37,502 [INFO] backend.services.mqtt_listener:63 - current_file_index depois do incremento=3
2026-04-03 15:09:37,503 [INFO] backend.services.mqtt_listener:63 - ==========================================================================================
2026-04-03 15:09:37,504 [INFO] backend.services.mqtt_listener:63 - 
2026-04-03 15:09:37,504 [INFO] backend.services.mqtt_listener:63 - ==========================================================================================
2026-04-03 15:09:37,505 [INFO] backend.services.mqtt_listener:63 - SYNC REQUEST NEXT | smx-000-001
2026-04-03 15:09:37,505 [INFO] backend.services.mqtt_listener:63 - ------------------------------------------------------------------------------------------
2026-04-03 15:09:37,505 [INFO] backend.services.mqtt_listener:63 - current_file_index=3
2026-04-03 15:09:37,506 [INFO] backend.services.mqtt_listener:63 - path=/Raw/26-00-01.txt
2026-04-03 15:09:37,506 [INFO] backend.services.mqtt_listener:63 - registers=120
2026-04-03 15:09:37,506 [INFO] backend.services.mqtt_listener:63 - offset=0
2026-04-03 15:09:37,507 [INFO] backend.services.mqtt_listener:63 - limit=150
2026-04-03 15:09:37,507 [INFO] backend.services.mqtt_listener:63 - ==========================================================================================
2026-04-03 15:09:37,508 [INFO] backend.services.mqtt_listener:63 - Solicitando pacote para smx-000-001: path=/Raw/26-00-01.txt offset=0 limit=150
2026-04-03 15:09:37,508 [INFO] backend.services.mqtt_listener:446 - Mensagem MQTT publicada. topic=/smx-000-001/broker/to/uc mid=66
2026-04-03 15:09:38,510 [INFO] backend.services.mqtt_listener:127 - Mensagem MQTT recebida. topic=/smx-000-001/uc/to/broker
2026-04-03 15:09:38,513 [INFO] backend.services.mqtt_listener:63 - 
2026-04-03 15:09:38,513 [INFO] backend.services.mqtt_listener:63 - ==========================================================================================
2026-04-03 15:09:38,514 [INFO] backend.services.mqtt_listener:63 - SYNC RESPONSE OK | smx-000-001
2026-04-03 15:09:38,514 [INFO] backend.services.mqtt_listener:63 - ------------------------------------------------------------------------------------------
2026-04-03 15:09:38,515 [INFO] backend.services.mqtt_listener:63 - current_file_index=3
2026-04-03 15:09:38,516 [INFO] backend.services.mqtt_listener:63 - path=/Raw/26-00-01.txt
2026-04-03 15:09:38,517 [INFO] backend.services.mqtt_listener:63 - offset=0
2026-04-03 15:09:38,517 [INFO] backend.services.mqtt_listener:63 - count=120
2026-04-03 15:09:38,517 [INFO] backend.services.mqtt_listener:63 - has_more=False
2026-04-03 15:09:38,518 [INFO] backend.services.mqtt_listener:63 - next_offset=120
2026-04-03 15:09:38,518 [INFO] backend.services.mqtt_listener:63 - ==========================================================================================
2026-04-03 15:09:38,519 [INFO] backend.services.mqtt_listener:63 - 
2026-04-03 15:09:38,520 [INFO] backend.services.mqtt_listener:63 - ==========================================================================================
2026-04-03 15:09:38,520 [INFO] backend.services.mqtt_listener:63 - SYNC FILE DONE | smx-000-001
2026-04-03 15:09:38,521 [INFO] backend.services.mqtt_listener:63 - ------------------------------------------------------------------------------------------
2026-04-03 15:09:38,521 [INFO] backend.services.mqtt_listener:63 - Arquivo concluido: /Raw/26-00-01.txt
2026-04-03 15:09:38,521 [INFO] backend.services.mqtt_listener:63 - current_file_index antes do incremento=3
2026-04-03 15:09:38,522 [INFO] backend.services.mqtt_listener:63 - Proximo passo real esperado: avisar UC para excluir o arquivo.
2026-04-03 15:09:38,522 [INFO] backend.services.mqtt_listener:63 - ==========================================================================================
2026-04-03 15:09:38,524 [INFO] backend.services.mqtt_listener:63 - 
2026-04-03 15:09:38,524 [INFO] backend.services.mqtt_listener:63 - ==========================================================================================
2026-04-03 15:09:38,524 [INFO] backend.services.mqtt_listener:63 - SYNC NEXT FILE | smx-000-001
2026-04-03 15:09:38,525 [INFO] backend.services.mqtt_listener:63 - ------------------------------------------------------------------------------------------
2026-04-03 15:09:38,525 [INFO] backend.services.mqtt_listener:63 - current_file_index depois do incremento=4
2026-04-03 15:09:38,525 [INFO] backend.services.mqtt_listener:63 - ==========================================================================================
2026-04-03 15:09:38,526 [INFO] backend.services.mqtt_listener:63 - 
2026-04-03 15:09:38,527 [INFO] backend.services.mqtt_listener:63 - ==========================================================================================
2026-04-03 15:09:38,527 [INFO] backend.services.mqtt_listener:63 - SYNC REQUEST NEXT | smx-000-001
2026-04-03 15:09:38,527 [INFO] backend.services.mqtt_listener:63 - ------------------------------------------------------------------------------------------
2026-04-03 15:09:38,528 [INFO] backend.services.mqtt_listener:63 - current_file_index=4
2026-04-03 15:09:38,528 [INFO] backend.services.mqtt_listener:63 - path=/Raw/26-04-02.txt
2026-04-03 15:09:38,528 [INFO] backend.services.mqtt_listener:63 - registers=273
2026-04-03 15:09:38,529 [INFO] backend.services.mqtt_listener:63 - offset=0
2026-04-03 15:09:38,534 [INFO] backend.services.mqtt_listener:63 - limit=150
2026-04-03 15:09:38,535 [INFO] backend.services.mqtt_listener:63 - ==========================================================================================
2026-04-03 15:09:38,536 [INFO] backend.services.mqtt_listener:63 - Solicitando pacote para smx-000-001: path=/Raw/26-04-02.txt offset=0 limit=150
2026-04-03 15:09:38,537 [INFO] backend.services.mqtt_listener:446 - Mensagem MQTT publicada. topic=/smx-000-001/broker/to/uc mid=67
2026-04-03 15:09:39,636 [INFO] backend.services.mqtt_listener:127 - Mensagem MQTT recebida. topic=/smx-000-001/uc/to/broker
2026-04-03 15:09:39,639 [INFO] backend.services.mqtt_listener:63 - 
2026-04-03 15:09:39,639 [INFO] backend.services.mqtt_listener:63 - ==========================================================================================
2026-04-03 15:09:39,640 [INFO] backend.services.mqtt_listener:63 - SYNC RESPONSE OK | smx-000-001
2026-04-03 15:09:39,640 [INFO] backend.services.mqtt_listener:63 - ------------------------------------------------------------------------------------------
2026-04-03 15:09:39,640 [INFO] backend.services.mqtt_listener:63 - current_file_index=4
2026-04-03 15:09:39,641 [INFO] backend.services.mqtt_listener:63 - path=/Raw/26-04-02.txt
2026-04-03 15:09:39,641 [INFO] backend.services.mqtt_listener:63 - offset=0
2026-04-03 15:09:39,642 [INFO] backend.services.mqtt_listener:63 - count=150
2026-04-03 15:09:39,642 [INFO] backend.services.mqtt_listener:63 - has_more=True
2026-04-03 15:09:39,642 [INFO] backend.services.mqtt_listener:63 - next_offset=150
2026-04-03 15:09:39,643 [INFO] backend.services.mqtt_listener:63 - ==========================================================================================
2026-04-03 15:09:39,643 [INFO] backend.services.mqtt_listener:63 - Solicitando pacote para smx-000-001: path=/Raw/26-04-02.txt offset=150 limit=150
2026-04-03 15:09:39,644 [INFO] backend.services.mqtt_listener:446 - Mensagem MQTT publicada. topic=/smx-000-001/broker/to/uc mid=68
2026-04-03 15:09:40,863 [INFO] backend.services.mqtt_listener:127 - Mensagem MQTT recebida. topic=/smx-000-001/uc/to/broker
2026-04-03 15:09:40,866 [INFO] backend.services.mqtt_listener:63 - 
2026-04-03 15:09:40,867 [INFO] backend.services.mqtt_listener:63 - ==========================================================================================
2026-04-03 15:09:40,867 [INFO] backend.services.mqtt_listener:63 - SYNC RESPONSE OK | smx-000-001
2026-04-03 15:09:40,868 [INFO] backend.services.mqtt_listener:63 - ------------------------------------------------------------------------------------------
2026-04-03 15:09:40,868 [INFO] backend.services.mqtt_listener:63 - current_file_index=4
2026-04-03 15:09:40,868 [INFO] backend.services.mqtt_listener:63 - path=/Raw/26-04-02.txt
2026-04-03 15:09:40,869 [INFO] backend.services.mqtt_listener:63 - offset=150
2026-04-03 15:09:40,869 [INFO] backend.services.mqtt_listener:63 - count=123
2026-04-03 15:09:40,869 [INFO] backend.services.mqtt_listener:63 - has_more=False
2026-04-03 15:09:40,870 [INFO] backend.services.mqtt_listener:63 - next_offset=273
2026-04-03 15:09:40,870 [INFO] backend.services.mqtt_listener:63 - ==========================================================================================
2026-04-03 15:09:40,871 [INFO] backend.services.mqtt_listener:63 - 
2026-04-03 15:09:40,872 [INFO] backend.services.mqtt_listener:63 - ==========================================================================================
2026-04-03 15:09:40,872 [INFO] backend.services.mqtt_listener:63 - SYNC FILE DONE | smx-000-001
2026-04-03 15:09:40,873 [INFO] backend.services.mqtt_listener:63 - ------------------------------------------------------------------------------------------
2026-04-03 15:09:40,873 [INFO] backend.services.mqtt_listener:63 - Arquivo concluido: /Raw/26-04-02.txt
2026-04-03 15:09:40,873 [INFO] backend.services.mqtt_listener:63 - current_file_index antes do incremento=4
2026-04-03 15:09:40,874 [INFO] backend.services.mqtt_listener:63 - Proximo passo real esperado: avisar UC para excluir o arquivo.
2026-04-03 15:09:40,874 [INFO] backend.services.mqtt_listener:63 - ==========================================================================================
2026-04-03 15:09:40,875 [INFO] backend.services.mqtt_listener:63 - 
2026-04-03 15:09:40,876 [INFO] backend.services.mqtt_listener:63 - ==========================================================================================
2026-04-03 15:09:40,876 [INFO] backend.services.mqtt_listener:63 - SYNC NEXT FILE | smx-000-001
2026-04-03 15:09:40,876 [INFO] backend.services.mqtt_listener:63 - ------------------------------------------------------------------------------------------
2026-04-03 15:09:40,877 [INFO] backend.services.mqtt_listener:63 - current_file_index depois do incremento=5
2026-04-03 15:09:40,877 [INFO] backend.services.mqtt_listener:63 - ==========================================================================================
2026-04-03 15:09:40,878 [INFO] backend.services.mqtt_listener:63 - 
2026-04-03 15:09:40,878 [INFO] backend.services.mqtt_listener:63 - ==========================================================================================
2026-04-03 15:09:40,879 [INFO] backend.services.mqtt_listener:63 - SYNC FINISHED | smx-000-001
2026-04-03 15:09:40,879 [INFO] backend.services.mqtt_listener:63 - ------------------------------------------------------------------------------------------
2026-04-03 15:09:40,879 [INFO] backend.services.mqtt_listener:63 - Nenhum arquivo pendente.
2026-04-03 15:09:40,880 [INFO] backend.services.mqtt_listener:63 - current_file_index=5
2026-04-03 15:09:40,880 [INFO] backend.services.mqtt_listener:63 - total_files=5
2026-04-03 15:09:40,880 [INFO] backend.services.mqtt_listener:63 - ==========================================================================================
2026-04-03 16:02:20,264 [INFO] django.utils.autoreload:251 - E:\Projetos\slocker\Backend\backend\services\tracker_jobs.py changed, reloading.
2026-04-03 16:02:22,514 [INFO] django.utils.autoreload:637 - Watching for file changes with StatReloader
2026-04-03 16:03:50,147 [INFO] django.utils.autoreload:637 - Watching for file changes with StatReloader
2026-04-03 16:03:53,146 [INFO] backend.services.mqtt_listener:92 - Listener MQTT interrompido manualmente.
2026-04-03 16:03:56,621 [INFO] backend.services.mqtt_listener:84 - Iniciando listener MQTT. broker=slock.com.br:1883 subscriptions=1
2026-04-03 16:03:56,925 [INFO] backend.services.mqtt_listener:100 - MQTT conectado. rc=0
2026-04-03 16:03:56,926 [INFO] backend.services.mqtt_listener:103 - MQTT inscrito. automation=smx-000-001 topic=/smx-000-001/uc/to/broker
2026-04-03 16:04:21,214 [INFO] backend.services.mqtt_listener:128 - Mensagem MQTT recebida. topic=/smx-000-001/uc/to/broker
2026-04-03 16:04:21,215 [INFO] backend.services.mqtt_listener:64 - Nenhuma rotina de sync aplicada para automation=smx-000-001.
2026-04-03 16:04:21,416 [WARNING] backend.services.mqtt_listener:64 - Payload descartado por falha ao decodificar JSON UTF-8. topic=/smx-000-001/uc/to/broker
2026-04-03 16:04:21,417 [WARNING] backend.services.mqtt_listener:64 - Nao existe pacote pendente para repetir em smx-000-001.
2026-04-03 16:04:31,529 [INFO] backend.services.mqtt_listener:128 - Mensagem MQTT recebida. topic=/smx-000-001/uc/to/broker
2026-04-03 16:04:31,529 [INFO] backend.services.mqtt_listener:64 - 
2026-04-03 16:04:31,530 [INFO] backend.services.mqtt_listener:64 - ==========================================================================================
2026-04-03 16:04:31,530 [INFO] backend.services.mqtt_listener:64 - SYNC INVENTORY | smx-000-001
2026-04-03 16:04:31,530 [INFO] backend.services.mqtt_listener:64 - ------------------------------------------------------------------------------------------
2026-04-03 16:04:31,530 [INFO] backend.services.mqtt_listener:64 - Arquivos recebidos: 5
2026-04-03 16:04:31,530 [INFO] backend.services.mqtt_listener:64 - Lista:
2026-04-03 16:04:31,530 [INFO] backend.services.mqtt_listener:64 - [0] path=/Raw/26-03-27.txt registers=4010
2026-04-03 16:04:31,530 [INFO] backend.services.mqtt_listener:64 - [1] path=/Raw/default.txt registers=233
2026-04-03 16:04:31,531 [INFO] backend.services.mqtt_listener:64 - [2] path=/Raw/26-04-01.txt registers=4721
2026-04-03 16:04:31,531 [INFO] backend.services.mqtt_listener:64 - [3] path=/Raw/26-00-01.txt registers=120
2026-04-03 16:04:31,531 [INFO] backend.services.mqtt_listener:64 - [4] path=/Raw/26-04-02.txt registers=273
2026-04-03 16:04:31,531 [INFO] backend.services.mqtt_listener:64 - ==========================================================================================
2026-04-03 16:04:31,532 [INFO] backend.services.mqtt_listener:64 - 
2026-04-03 16:04:31,533 [INFO] backend.services.mqtt_listener:64 - ==========================================================================================
2026-04-03 16:04:31,533 [INFO] backend.services.mqtt_listener:64 - SYNC REQUEST NEXT | smx-000-001
2026-04-03 16:04:31,533 [INFO] backend.services.mqtt_listener:64 - ------------------------------------------------------------------------------------------
2026-04-03 16:04:31,534 [INFO] backend.services.mqtt_listener:64 - current_file_index=0
2026-04-03 16:04:31,534 [INFO] backend.services.mqtt_listener:64 - path=/Raw/26-03-27.txt
2026-04-03 16:04:31,535 [INFO] backend.services.mqtt_listener:64 - registers=4010
2026-04-03 16:04:31,535 [INFO] backend.services.mqtt_listener:64 - offset=0
2026-04-03 16:04:31,535 [INFO] backend.services.mqtt_listener:64 - limit=150
2026-04-03 16:04:31,536 [INFO] backend.services.mqtt_listener:64 - ==========================================================================================
2026-04-03 16:04:31,536 [INFO] backend.services.mqtt_listener:64 - Solicitando pacote para smx-000-001: path=/Raw/26-03-27.txt offset=0 limit=150
2026-04-03 16:04:31,537 [INFO] backend.services.mqtt_listener:457 - Mensagem MQTT publicada. topic=/smx-000-001/broker/to/uc mid=2
2026-04-03 16:04:33,504 [INFO] backend.services.mqtt_listener:128 - Mensagem MQTT recebida. topic=/smx-000-001/uc/to/broker
2026-04-03 16:04:36,190 [INFO] backend.services.mqtt_listener:64 - 
2026-04-03 16:04:36,193 [INFO] backend.services.mqtt_listener:64 - ==========================================================================================
2026-04-03 16:04:36,193 [INFO] backend.services.mqtt_listener:64 - SYNC RESPONSE OK | smx-000-001
2026-04-03 16:04:36,194 [INFO] backend.services.mqtt_listener:64 - ------------------------------------------------------------------------------------------
2026-04-03 16:04:36,194 [INFO] backend.services.mqtt_listener:64 - current_file_index=0
2026-04-03 16:04:36,194 [INFO] backend.services.mqtt_listener:64 - talhao_id=11
2026-04-03 16:04:36,195 [INFO] backend.services.mqtt_listener:64 - path=/Raw/26-03-27.txt
2026-04-03 16:04:36,195 [INFO] backend.services.mqtt_listener:64 - offset=0
2026-04-03 16:04:36,196 [INFO] backend.services.mqtt_listener:64 - count=150
2026-04-03 16:04:36,196 [INFO] backend.services.mqtt_listener:64 - saved=150
2026-04-03 16:04:36,196 [INFO] backend.services.mqtt_listener:64 - has_more=True
2026-04-03 16:04:36,197 [INFO] backend.services.mqtt_listener:64 - next_offset=150
2026-04-03 16:04:36,197 [INFO] backend.services.mqtt_listener:64 - ==========================================================================================
2026-04-03 16:04:36,198 [INFO] backend.services.mqtt_listener:64 - Solicitando pacote para smx-000-001: path=/Raw/26-03-27.txt offset=150 limit=150
2026-04-03 16:04:36,199 [INFO] backend.services.mqtt_listener:457 - Mensagem MQTT publicada. topic=/smx-000-001/broker/to/uc mid=3
2026-04-03 16:04:37,093 [INFO] backend.services.mqtt_listener:128 - Mensagem MQTT recebida. topic=/smx-000-001/uc/to/broker
2026-04-03 16:04:38,313 [INFO] backend.services.mqtt_listener:64 - 
2026-04-03 16:04:38,313 [INFO] backend.services.mqtt_listener:64 - ==========================================================================================
2026-04-03 16:04:38,314 [INFO] backend.services.mqtt_listener:64 - SYNC RESPONSE OK | smx-000-001
2026-04-03 16:04:38,314 [INFO] backend.services.mqtt_listener:64 - ------------------------------------------------------------------------------------------
2026-04-03 16:04:38,315 [INFO] backend.services.mqtt_listener:64 - current_file_index=0
2026-04-03 16:04:38,315 [INFO] backend.services.mqtt_listener:64 - talhao_id=11
2026-04-03 16:04:38,315 [INFO] backend.services.mqtt_listener:64 - path=/Raw/26-03-27.txt
2026-04-03 16:04:38,316 [INFO] backend.services.mqtt_listener:64 - offset=150
2026-04-03 16:04:38,316 [INFO] backend.services.mqtt_listener:64 - count=150
2026-04-03 16:04:38,317 [INFO] backend.services.mqtt_listener:64 - saved=150
2026-04-03 16:04:38,317 [INFO] backend.services.mqtt_listener:64 - has_more=True
2026-04-03 16:04:38,318 [INFO] backend.services.mqtt_listener:64 - next_offset=300
2026-04-03 16:04:38,318 [INFO] backend.services.mqtt_listener:64 - ==========================================================================================
2026-04-03 16:04:38,319 [INFO] backend.services.mqtt_listener:64 - Solicitando pacote para smx-000-001: path=/Raw/26-03-27.txt offset=300 limit=150
2026-04-03 16:04:38,319 [INFO] backend.services.mqtt_listener:457 - Mensagem MQTT publicada. topic=/smx-000-001/broker/to/uc mid=4
2026-04-03 16:04:39,440 [INFO] backend.services.mqtt_listener:128 - Mensagem MQTT recebida. topic=/smx-000-001/uc/to/broker
2026-04-03 16:04:40,662 [INFO] backend.services.mqtt_listener:64 - 
2026-04-03 16:04:40,663 [INFO] backend.services.mqtt_listener:64 - ==========================================================================================
2026-04-03 16:04:40,663 [INFO] backend.services.mqtt_listener:64 - SYNC RESPONSE OK | smx-000-001
2026-04-03 16:04:40,663 [INFO] backend.services.mqtt_listener:64 - ------------------------------------------------------------------------------------------
2026-04-03 16:04:40,664 [INFO] backend.services.mqtt_listener:64 - current_file_index=0
2026-04-03 16:04:40,664 [INFO] backend.services.mqtt_listener:64 - talhao_id=11
2026-04-03 16:04:40,664 [INFO] backend.services.mqtt_listener:64 - path=/Raw/26-03-27.txt
2026-04-03 16:04:40,665 [INFO] backend.services.mqtt_listener:64 - offset=300
2026-04-03 16:04:40,665 [INFO] backend.services.mqtt_listener:64 - count=150
2026-04-03 16:04:40,665 [INFO] backend.services.mqtt_listener:64 - saved=150
2026-04-03 16:04:40,666 [INFO] backend.services.mqtt_listener:64 - has_more=True
2026-04-03 16:04:40,666 [INFO] backend.services.mqtt_listener:64 - next_offset=450
2026-04-03 16:04:40,666 [INFO] backend.services.mqtt_listener:64 - ==========================================================================================
2026-04-03 16:04:40,667 [INFO] backend.services.mqtt_listener:64 - Solicitando pacote para smx-000-001: path=/Raw/26-03-27.txt offset=450 limit=150
2026-04-03 16:04:40,668 [INFO] backend.services.mqtt_listener:457 - Mensagem MQTT publicada. topic=/smx-000-001/broker/to/uc mid=5
2026-04-03 16:04:41,905 [INFO] backend.services.mqtt_listener:128 - Mensagem MQTT recebida. topic=/smx-000-001/uc/to/broker
2026-04-03 16:04:43,134 [INFO] backend.services.mqtt_listener:64 - 
2026-04-03 16:04:43,134 [INFO] backend.services.mqtt_listener:64 - ==========================================================================================
2026-04-03 16:04:43,135 [INFO] backend.services.mqtt_listener:64 - SYNC RESPONSE OK | smx-000-001
2026-04-03 16:04:43,135 [INFO] backend.services.mqtt_listener:64 - ------------------------------------------------------------------------------------------
2026-04-03 16:04:43,136 [INFO] backend.services.mqtt_listener:64 - current_file_index=0
2026-04-03 16:04:43,136 [INFO] backend.services.mqtt_listener:64 - talhao_id=11
2026-04-03 16:04:43,136 [INFO] backend.services.mqtt_listener:64 - path=/Raw/26-03-27.txt
2026-04-03 16:04:43,137 [INFO] backend.services.mqtt_listener:64 - offset=450
2026-04-03 16:04:43,137 [INFO] backend.services.mqtt_listener:64 - count=150
2026-04-03 16:04:43,138 [INFO] backend.services.mqtt_listener:64 - saved=150
2026-04-03 16:04:43,138 [INFO] backend.services.mqtt_listener:64 - has_more=True
2026-04-03 16:04:43,139 [INFO] backend.services.mqtt_listener:64 - next_offset=600
2026-04-03 16:04:43,139 [INFO] backend.services.mqtt_listener:64 - ==========================================================================================
2026-04-03 16:04:43,140 [INFO] backend.services.mqtt_listener:64 - Solicitando pacote para smx-000-001: path=/Raw/26-03-27.txt offset=600 limit=150
2026-04-03 16:04:43,140 [INFO] backend.services.mqtt_listener:457 - Mensagem MQTT publicada. topic=/smx-000-001/broker/to/uc mid=6
2026-04-03 16:04:44,253 [INFO] backend.services.mqtt_listener:128 - Mensagem MQTT recebida. topic=/smx-000-001/uc/to/broker
2026-04-03 16:04:45,489 [INFO] backend.services.mqtt_listener:64 - 
2026-04-03 16:04:45,489 [INFO] backend.services.mqtt_listener:64 - ==========================================================================================
2026-04-03 16:04:45,490 [INFO] backend.services.mqtt_listener:64 - SYNC RESPONSE OK | smx-000-001
2026-04-03 16:04:45,490 [INFO] backend.services.mqtt_listener:64 - ------------------------------------------------------------------------------------------
2026-04-03 16:04:45,490 [INFO] backend.services.mqtt_listener:64 - current_file_index=0
2026-04-03 16:04:45,491 [INFO] backend.services.mqtt_listener:64 - talhao_id=11
2026-04-03 16:04:45,491 [INFO] backend.services.mqtt_listener:64 - path=/Raw/26-03-27.txt
2026-04-03 16:04:45,492 [INFO] backend.services.mqtt_listener:64 - offset=600
2026-04-03 16:04:45,492 [INFO] backend.services.mqtt_listener:64 - count=150
2026-04-03 16:04:45,492 [INFO] backend.services.mqtt_listener:64 - saved=150
2026-04-03 16:04:45,493 [INFO] backend.services.mqtt_listener:64 - has_more=True
2026-04-03 16:04:45,494 [INFO] backend.services.mqtt_listener:64 - next_offset=750
2026-04-03 16:04:45,494 [INFO] backend.services.mqtt_listener:64 - ==========================================================================================
2026-04-03 16:04:45,495 [INFO] backend.services.mqtt_listener:64 - Solicitando pacote para smx-000-001: path=/Raw/26-03-27.txt offset=750 limit=150
2026-04-03 16:04:45,496 [INFO] backend.services.mqtt_listener:457 - Mensagem MQTT publicada. topic=/smx-000-001/broker/to/uc mid=7
2026-04-03 16:04:46,609 [INFO] backend.services.mqtt_listener:128 - Mensagem MQTT recebida. topic=/smx-000-001/uc/to/broker
2026-04-03 16:04:47,831 [INFO] backend.services.mqtt_listener:64 - 
2026-04-03 16:04:47,831 [INFO] backend.services.mqtt_listener:64 - ==========================================================================================
2026-04-03 16:04:47,832 [INFO] backend.services.mqtt_listener:64 - SYNC RESPONSE OK | smx-000-001
2026-04-03 16:04:47,832 [INFO] backend.services.mqtt_listener:64 - ------------------------------------------------------------------------------------------
2026-04-03 16:04:47,832 [INFO] backend.services.mqtt_listener:64 - current_file_index=0
2026-04-03 16:04:47,833 [INFO] backend.services.mqtt_listener:64 - talhao_id=11
2026-04-03 16:04:47,833 [INFO] backend.services.mqtt_listener:64 - path=/Raw/26-03-27.txt
2026-04-03 16:04:47,833 [INFO] backend.services.mqtt_listener:64 - offset=750
2026-04-03 16:04:47,834 [INFO] backend.services.mqtt_listener:64 - count=150
2026-04-03 16:04:47,834 [INFO] backend.services.mqtt_listener:64 - saved=150
2026-04-03 16:04:47,834 [INFO] backend.services.mqtt_listener:64 - has_more=True
2026-04-03 16:04:47,835 [INFO] backend.services.mqtt_listener:64 - next_offset=900
2026-04-03 16:04:47,835 [INFO] backend.services.mqtt_listener:64 - ==========================================================================================
2026-04-03 16:04:47,836 [INFO] backend.services.mqtt_listener:64 - Solicitando pacote para smx-000-001: path=/Raw/26-03-27.txt offset=900 limit=150
2026-04-03 16:04:47,837 [INFO] backend.services.mqtt_listener:457 - Mensagem MQTT publicada. topic=/smx-000-001/broker/to/uc mid=8
2026-04-03 16:04:48,868 [INFO] backend.services.mqtt_listener:128 - Mensagem MQTT recebida. topic=/smx-000-001/uc/to/broker
2026-04-03 16:04:50,092 [INFO] backend.services.mqtt_listener:64 - 
2026-04-03 16:04:50,093 [INFO] backend.services.mqtt_listener:64 - ==========================================================================================
2026-04-03 16:04:50,093 [INFO] backend.services.mqtt_listener:64 - SYNC RESPONSE OK | smx-000-001
2026-04-03 16:04:50,094 [INFO] backend.services.mqtt_listener:64 - ------------------------------------------------------------------------------------------
2026-04-03 16:04:50,095 [INFO] backend.services.mqtt_listener:64 - current_file_index=0
2026-04-03 16:04:50,095 [INFO] backend.services.mqtt_listener:64 - talhao_id=11
2026-04-03 16:04:50,096 [INFO] backend.services.mqtt_listener:64 - path=/Raw/26-03-27.txt
2026-04-03 16:04:50,096 [INFO] backend.services.mqtt_listener:64 - offset=900
2026-04-03 16:04:50,097 [INFO] backend.services.mqtt_listener:64 - count=150
2026-04-03 16:04:50,097 [INFO] backend.services.mqtt_listener:64 - saved=150
2026-04-03 16:04:50,097 [INFO] backend.services.mqtt_listener:64 - has_more=True
2026-04-03 16:04:50,098 [INFO] backend.services.mqtt_listener:64 - next_offset=1050
2026-04-03 16:04:50,098 [INFO] backend.services.mqtt_listener:64 - ==========================================================================================
2026-04-03 16:04:50,099 [INFO] backend.services.mqtt_listener:64 - Solicitando pacote para smx-000-001: path=/Raw/26-03-27.txt offset=1050 limit=150
2026-04-03 16:04:50,104 [INFO] backend.services.mqtt_listener:457 - Mensagem MQTT publicada. topic=/smx-000-001/broker/to/uc mid=9
2026-04-03 16:04:51,214 [INFO] backend.services.mqtt_listener:128 - Mensagem MQTT recebida. topic=/smx-000-001/uc/to/broker
2026-04-03 16:04:52,438 [INFO] backend.services.mqtt_listener:64 - 
2026-04-03 16:04:52,439 [INFO] backend.services.mqtt_listener:64 - ==========================================================================================
2026-04-03 16:04:52,439 [INFO] backend.services.mqtt_listener:64 - SYNC RESPONSE OK | smx-000-001
2026-04-03 16:04:52,440 [INFO] backend.services.mqtt_listener:64 - ------------------------------------------------------------------------------------------
2026-04-03 16:04:52,440 [INFO] backend.services.mqtt_listener:64 - current_file_index=0
2026-04-03 16:04:52,441 [INFO] backend.services.mqtt_listener:64 - talhao_id=11
2026-04-03 16:04:52,441 [INFO] backend.services.mqtt_listener:64 - path=/Raw/26-03-27.txt
2026-04-03 16:04:52,442 [INFO] backend.services.mqtt_listener:64 - offset=1050
2026-04-03 16:04:52,442 [INFO] backend.services.mqtt_listener:64 - count=150
2026-04-03 16:04:52,442 [INFO] backend.services.mqtt_listener:64 - saved=150
2026-04-03 16:04:52,443 [INFO] backend.services.mqtt_listener:64 - has_more=True
2026-04-03 16:04:52,443 [INFO] backend.services.mqtt_listener:64 - next_offset=1200
2026-04-03 16:04:52,444 [INFO] backend.services.mqtt_listener:64 - ==========================================================================================
2026-04-03 16:04:52,444 [INFO] backend.services.mqtt_listener:64 - Solicitando pacote para smx-000-001: path=/Raw/26-03-27.txt offset=1200 limit=150
2026-04-03 16:04:52,445 [INFO] backend.services.mqtt_listener:457 - Mensagem MQTT publicada. topic=/smx-000-001/broker/to/uc mid=10
2026-04-03 16:04:53,570 [INFO] backend.services.mqtt_listener:128 - Mensagem MQTT recebida. topic=/smx-000-001/uc/to/broker
2026-04-03 16:04:54,789 [INFO] backend.services.mqtt_listener:64 - 
2026-04-03 16:04:54,790 [INFO] backend.services.mqtt_listener:64 - ==========================================================================================
2026-04-03 16:04:54,790 [INFO] backend.services.mqtt_listener:64 - SYNC RESPONSE OK | smx-000-001
2026-04-03 16:04:54,790 [INFO] backend.services.mqtt_listener:64 - ------------------------------------------------------------------------------------------
2026-04-03 16:04:54,791 [INFO] backend.services.mqtt_listener:64 - current_file_index=0
2026-04-03 16:04:54,791 [INFO] backend.services.mqtt_listener:64 - talhao_id=11
2026-04-03 16:04:54,792 [INFO] backend.services.mqtt_listener:64 - path=/Raw/26-03-27.txt
2026-04-03 16:04:54,792 [INFO] backend.services.mqtt_listener:64 - offset=1200
2026-04-03 16:04:54,792 [INFO] backend.services.mqtt_listener:64 - count=150
2026-04-03 16:04:54,793 [INFO] backend.services.mqtt_listener:64 - saved=150
2026-04-03 16:04:54,793 [INFO] backend.services.mqtt_listener:64 - has_more=True
2026-04-03 16:04:54,794 [INFO] backend.services.mqtt_listener:64 - next_offset=1350
2026-04-03 16:04:54,794 [INFO] backend.services.mqtt_listener:64 - ==========================================================================================
2026-04-03 16:04:54,795 [INFO] backend.services.mqtt_listener:64 - Solicitando pacote para smx-000-001: path=/Raw/26-03-27.txt offset=1350 limit=150
2026-04-03 16:04:54,796 [INFO] backend.services.mqtt_listener:457 - Mensagem MQTT publicada. topic=/smx-000-001/broker/to/uc mid=11
2026-04-03 16:04:56,030 [INFO] backend.services.mqtt_listener:128 - Mensagem MQTT recebida. topic=/smx-000-001/uc/to/broker
2026-04-03 16:04:57,293 [INFO] backend.services.mqtt_listener:64 - 
2026-04-03 16:04:57,295 [INFO] backend.services.mqtt_listener:64 - ==========================================================================================
2026-04-03 16:04:57,296 [INFO] backend.services.mqtt_listener:64 - SYNC RESPONSE OK | smx-000-001
2026-04-03 16:04:57,296 [INFO] backend.services.mqtt_listener:64 - ------------------------------------------------------------------------------------------
2026-04-03 16:04:57,297 [INFO] backend.services.mqtt_listener:64 - current_file_index=0
2026-04-03 16:04:57,297 [INFO] backend.services.mqtt_listener:64 - talhao_id=11
2026-04-03 16:04:57,297 [INFO] backend.services.mqtt_listener:64 - path=/Raw/26-03-27.txt
2026-04-03 16:04:57,298 [INFO] backend.services.mqtt_listener:64 - offset=1350
2026-04-03 16:04:57,298 [INFO] backend.services.mqtt_listener:64 - count=150
2026-04-03 16:04:57,299 [INFO] backend.services.mqtt_listener:64 - saved=150
2026-04-03 16:04:57,299 [INFO] backend.services.mqtt_listener:64 - has_more=True
2026-04-03 16:04:57,300 [INFO] backend.services.mqtt_listener:64 - next_offset=1500
2026-04-03 16:04:57,300 [INFO] backend.services.mqtt_listener:64 - ==========================================================================================
2026-04-03 16:04:57,301 [INFO] backend.services.mqtt_listener:64 - Solicitando pacote para smx-000-001: path=/Raw/26-03-27.txt offset=1500 limit=150
2026-04-03 16:04:57,301 [INFO] backend.services.mqtt_listener:457 - Mensagem MQTT publicada. topic=/smx-000-001/broker/to/uc mid=12
2026-04-03 16:04:58,383 [INFO] backend.services.mqtt_listener:128 - Mensagem MQTT recebida. topic=/smx-000-001/uc/to/broker
2026-04-03 16:04:59,610 [INFO] backend.services.mqtt_listener:64 - 
2026-04-03 16:04:59,612 [INFO] backend.services.mqtt_listener:64 - ==========================================================================================
2026-04-03 16:04:59,612 [INFO] backend.services.mqtt_listener:64 - SYNC RESPONSE OK | smx-000-001
2026-04-03 16:04:59,613 [INFO] backend.services.mqtt_listener:64 - ------------------------------------------------------------------------------------------
2026-04-03 16:04:59,613 [INFO] backend.services.mqtt_listener:64 - current_file_index=0
2026-04-03 16:04:59,614 [INFO] backend.services.mqtt_listener:64 - talhao_id=11
2026-04-03 16:04:59,614 [INFO] backend.services.mqtt_listener:64 - path=/Raw/26-03-27.txt
2026-04-03 16:04:59,615 [INFO] backend.services.mqtt_listener:64 - offset=1500
2026-04-03 16:04:59,615 [INFO] backend.services.mqtt_listener:64 - count=150
2026-04-03 16:04:59,616 [INFO] backend.services.mqtt_listener:64 - saved=150
2026-04-03 16:04:59,617 [INFO] backend.services.mqtt_listener:64 - has_more=True
2026-04-03 16:04:59,617 [INFO] backend.services.mqtt_listener:64 - next_offset=1650
2026-04-03 16:04:59,623 [INFO] backend.services.mqtt_listener:64 - ==========================================================================================
2026-04-03 16:04:59,623 [INFO] backend.services.mqtt_listener:64 - Solicitando pacote para smx-000-001: path=/Raw/26-03-27.txt offset=1650 limit=150
2026-04-03 16:04:59,624 [INFO] backend.services.mqtt_listener:457 - Mensagem MQTT publicada. topic=/smx-000-001/broker/to/uc mid=13
2026-04-03 16:05:00,738 [INFO] backend.services.mqtt_listener:128 - Mensagem MQTT recebida. topic=/smx-000-001/uc/to/broker
2026-04-03 16:05:01,957 [INFO] backend.services.mqtt_listener:64 - 
2026-04-03 16:05:01,957 [INFO] backend.services.mqtt_listener:64 - ==========================================================================================
2026-04-03 16:05:01,958 [INFO] backend.services.mqtt_listener:64 - SYNC RESPONSE OK | smx-000-001
2026-04-03 16:05:01,958 [INFO] backend.services.mqtt_listener:64 - ------------------------------------------------------------------------------------------
2026-04-03 16:05:01,959 [INFO] backend.services.mqtt_listener:64 - current_file_index=0
2026-04-03 16:05:01,959 [INFO] backend.services.mqtt_listener:64 - talhao_id=11
2026-04-03 16:05:01,960 [INFO] backend.services.mqtt_listener:64 - path=/Raw/26-03-27.txt
2026-04-03 16:05:01,960 [INFO] backend.services.mqtt_listener:64 - offset=1650
2026-04-03 16:05:01,960 [INFO] backend.services.mqtt_listener:64 - count=150
2026-04-03 16:05:01,961 [INFO] backend.services.mqtt_listener:64 - saved=150
2026-04-03 16:05:01,961 [INFO] backend.services.mqtt_listener:64 - has_more=True
2026-04-03 16:05:01,962 [INFO] backend.services.mqtt_listener:64 - next_offset=1800
2026-04-03 16:05:01,962 [INFO] backend.services.mqtt_listener:64 - ==========================================================================================
2026-04-03 16:05:01,963 [INFO] backend.services.mqtt_listener:64 - Solicitando pacote para smx-000-001: path=/Raw/26-03-27.txt offset=1800 limit=150
2026-04-03 16:05:01,963 [INFO] backend.services.mqtt_listener:457 - Mensagem MQTT publicada. topic=/smx-000-001/broker/to/uc mid=14
2026-04-03 16:05:03,206 [INFO] backend.services.mqtt_listener:128 - Mensagem MQTT recebida. topic=/smx-000-001/uc/to/broker
2026-04-03 16:05:04,438 [INFO] backend.services.mqtt_listener:64 - 
2026-04-03 16:05:04,439 [INFO] backend.services.mqtt_listener:64 - ==========================================================================================
2026-04-03 16:05:04,440 [INFO] backend.services.mqtt_listener:64 - SYNC RESPONSE OK | smx-000-001
2026-04-03 16:05:04,440 [INFO] backend.services.mqtt_listener:64 - ------------------------------------------------------------------------------------------
2026-04-03 16:05:04,440 [INFO] backend.services.mqtt_listener:64 - current_file_index=0
2026-04-03 16:05:04,441 [INFO] backend.services.mqtt_listener:64 - talhao_id=11
2026-04-03 16:05:04,441 [INFO] backend.services.mqtt_listener:64 - path=/Raw/26-03-27.txt
2026-04-03 16:05:04,442 [INFO] backend.services.mqtt_listener:64 - offset=1800
2026-04-03 16:05:04,442 [INFO] backend.services.mqtt_listener:64 - count=150
2026-04-03 16:05:04,442 [INFO] backend.services.mqtt_listener:64 - saved=150
2026-04-03 16:05:04,443 [INFO] backend.services.mqtt_listener:64 - has_more=True
2026-04-03 16:05:04,443 [INFO] backend.services.mqtt_listener:64 - next_offset=1950
2026-04-03 16:05:04,443 [INFO] backend.services.mqtt_listener:64 - ==========================================================================================
2026-04-03 16:05:04,444 [INFO] backend.services.mqtt_listener:64 - Solicitando pacote para smx-000-001: path=/Raw/26-03-27.txt offset=1950 limit=150
2026-04-03 16:05:04,445 [INFO] backend.services.mqtt_listener:457 - Mensagem MQTT publicada. topic=/smx-000-001/broker/to/uc mid=15
2026-04-03 16:05:05,551 [INFO] backend.services.mqtt_listener:128 - Mensagem MQTT recebida. topic=/smx-000-001/uc/to/broker
2026-04-03 16:05:06,799 [INFO] backend.services.mqtt_listener:64 - 
2026-04-03 16:05:06,799 [INFO] backend.services.mqtt_listener:64 - ==========================================================================================
2026-04-03 16:05:06,800 [INFO] backend.services.mqtt_listener:64 - SYNC RESPONSE OK | smx-000-001
2026-04-03 16:05:06,800 [INFO] backend.services.mqtt_listener:64 - ------------------------------------------------------------------------------------------
2026-04-03 16:05:06,801 [INFO] backend.services.mqtt_listener:64 - current_file_index=0
2026-04-03 16:05:06,801 [INFO] backend.services.mqtt_listener:64 - talhao_id=11
2026-04-03 16:05:06,802 [INFO] backend.services.mqtt_listener:64 - path=/Raw/26-03-27.txt
2026-04-03 16:05:06,803 [INFO] backend.services.mqtt_listener:64 - offset=1950
2026-04-03 16:05:06,803 [INFO] backend.services.mqtt_listener:64 - count=150
2026-04-03 16:05:06,803 [INFO] backend.services.mqtt_listener:64 - saved=150
2026-04-03 16:05:06,804 [INFO] backend.services.mqtt_listener:64 - has_more=True
2026-04-03 16:05:06,804 [INFO] backend.services.mqtt_listener:64 - next_offset=2100
2026-04-03 16:05:06,805 [INFO] backend.services.mqtt_listener:64 - ==========================================================================================
2026-04-03 16:05:06,806 [INFO] backend.services.mqtt_listener:64 - Solicitando pacote para smx-000-001: path=/Raw/26-03-27.txt offset=2100 limit=150
2026-04-03 16:05:06,810 [INFO] backend.services.mqtt_listener:457 - Mensagem MQTT publicada. topic=/smx-000-001/broker/to/uc mid=16
2026-04-03 16:05:07,907 [INFO] backend.services.mqtt_listener:128 - Mensagem MQTT recebida. topic=/smx-000-001/uc/to/broker
2026-04-03 16:05:09,143 [INFO] backend.services.mqtt_listener:64 - 
2026-04-03 16:05:09,144 [INFO] backend.services.mqtt_listener:64 - ==========================================================================================
2026-04-03 16:05:09,144 [INFO] backend.services.mqtt_listener:64 - SYNC RESPONSE OK | smx-000-001
2026-04-03 16:05:09,145 [INFO] backend.services.mqtt_listener:64 - ------------------------------------------------------------------------------------------
2026-04-03 16:05:09,145 [INFO] backend.services.mqtt_listener:64 - current_file_index=0
2026-04-03 16:05:09,146 [INFO] backend.services.mqtt_listener:64 - talhao_id=11
2026-04-03 16:05:09,146 [INFO] backend.services.mqtt_listener:64 - path=/Raw/26-03-27.txt
2026-04-03 16:05:09,146 [INFO] backend.services.mqtt_listener:64 - offset=2100
2026-04-03 16:05:09,147 [INFO] backend.services.mqtt_listener:64 - count=150
2026-04-03 16:05:09,147 [INFO] backend.services.mqtt_listener:64 - saved=150
2026-04-03 16:05:09,148 [INFO] backend.services.mqtt_listener:64 - has_more=True
2026-04-03 16:05:09,148 [INFO] backend.services.mqtt_listener:64 - next_offset=2250
2026-04-03 16:05:09,148 [INFO] backend.services.mqtt_listener:64 - ==========================================================================================
2026-04-03 16:05:09,149 [INFO] backend.services.mqtt_listener:64 - Solicitando pacote para smx-000-001: path=/Raw/26-03-27.txt offset=2250 limit=150
2026-04-03 16:05:09,150 [INFO] backend.services.mqtt_listener:457 - Mensagem MQTT publicada. topic=/smx-000-001/broker/to/uc mid=17
2026-04-03 16:05:10,264 [INFO] backend.services.mqtt_listener:128 - Mensagem MQTT recebida. topic=/smx-000-001/uc/to/broker
2026-04-03 16:05:11,502 [INFO] backend.services.mqtt_listener:64 - 
2026-04-03 16:05:11,504 [INFO] backend.services.mqtt_listener:64 - ==========================================================================================
2026-04-03 16:05:11,505 [INFO] backend.services.mqtt_listener:64 - SYNC RESPONSE OK | smx-000-001
2026-04-03 16:05:11,505 [INFO] backend.services.mqtt_listener:64 - ------------------------------------------------------------------------------------------
2026-04-03 16:05:11,506 [INFO] backend.services.mqtt_listener:64 - current_file_index=0
2026-04-03 16:05:11,506 [INFO] backend.services.mqtt_listener:64 - talhao_id=11
2026-04-03 16:05:11,507 [INFO] backend.services.mqtt_listener:64 - path=/Raw/26-03-27.txt
2026-04-03 16:05:11,507 [INFO] backend.services.mqtt_listener:64 - offset=2250
2026-04-03 16:05:11,508 [INFO] backend.services.mqtt_listener:64 - count=150
2026-04-03 16:05:11,508 [INFO] backend.services.mqtt_listener:64 - saved=150
2026-04-03 16:05:11,509 [INFO] backend.services.mqtt_listener:64 - has_more=True
2026-04-03 16:05:11,509 [INFO] backend.services.mqtt_listener:64 - next_offset=2400
2026-04-03 16:05:11,510 [INFO] backend.services.mqtt_listener:64 - ==========================================================================================
2026-04-03 16:05:11,514 [INFO] backend.services.mqtt_listener:64 - Solicitando pacote para smx-000-001: path=/Raw/26-03-27.txt offset=2400 limit=150
2026-04-03 16:05:11,515 [INFO] backend.services.mqtt_listener:457 - Mensagem MQTT publicada. topic=/smx-000-001/broker/to/uc mid=18
2026-04-03 16:05:12,620 [INFO] backend.services.mqtt_listener:128 - Mensagem MQTT recebida. topic=/smx-000-001/uc/to/broker
2026-04-03 16:05:13,846 [INFO] backend.services.mqtt_listener:64 - 
2026-04-03 16:05:13,846 [INFO] backend.services.mqtt_listener:64 - ==========================================================================================
2026-04-03 16:05:13,847 [INFO] backend.services.mqtt_listener:64 - SYNC RESPONSE OK | smx-000-001
2026-04-03 16:05:13,847 [INFO] backend.services.mqtt_listener:64 - ------------------------------------------------------------------------------------------
2026-04-03 16:05:13,847 [INFO] backend.services.mqtt_listener:64 - current_file_index=0
2026-04-03 16:05:13,848 [INFO] backend.services.mqtt_listener:64 - talhao_id=11
2026-04-03 16:05:13,848 [INFO] backend.services.mqtt_listener:64 - path=/Raw/26-03-27.txt
2026-04-03 16:05:13,849 [INFO] backend.services.mqtt_listener:64 - offset=2400
2026-04-03 16:05:13,849 [INFO] backend.services.mqtt_listener:64 - count=150
2026-04-03 16:05:13,850 [INFO] backend.services.mqtt_listener:64 - saved=150
2026-04-03 16:05:13,850 [INFO] backend.services.mqtt_listener:64 - has_more=True
2026-04-03 16:05:13,850 [INFO] backend.services.mqtt_listener:64 - next_offset=2550
2026-04-03 16:05:13,851 [INFO] backend.services.mqtt_listener:64 - ==========================================================================================
2026-04-03 16:05:13,851 [INFO] backend.services.mqtt_listener:64 - Solicitando pacote para smx-000-001: path=/Raw/26-03-27.txt offset=2550 limit=150
2026-04-03 16:05:13,852 [INFO] backend.services.mqtt_listener:457 - Mensagem MQTT publicada. topic=/smx-000-001/broker/to/uc mid=19
2026-04-03 16:05:14,976 [INFO] backend.services.mqtt_listener:128 - Mensagem MQTT recebida. topic=/smx-000-001/uc/to/broker
2026-04-03 16:05:16,207 [INFO] backend.services.mqtt_listener:64 - 
2026-04-03 16:05:16,208 [INFO] backend.services.mqtt_listener:64 - ==========================================================================================
2026-04-03 16:05:16,209 [INFO] backend.services.mqtt_listener:64 - SYNC RESPONSE OK | smx-000-001
2026-04-03 16:05:16,209 [INFO] backend.services.mqtt_listener:64 - ------------------------------------------------------------------------------------------
2026-04-03 16:05:16,210 [INFO] backend.services.mqtt_listener:64 - current_file_index=0
2026-04-03 16:05:16,210 [INFO] backend.services.mqtt_listener:64 - talhao_id=11
2026-04-03 16:05:16,210 [INFO] backend.services.mqtt_listener:64 - path=/Raw/26-03-27.txt
2026-04-03 16:05:16,211 [INFO] backend.services.mqtt_listener:64 - offset=2550
2026-04-03 16:05:16,211 [INFO] backend.services.mqtt_listener:64 - count=150
2026-04-03 16:05:16,211 [INFO] backend.services.mqtt_listener:64 - saved=150
2026-04-03 16:05:16,212 [INFO] backend.services.mqtt_listener:64 - has_more=True
2026-04-03 16:05:16,212 [INFO] backend.services.mqtt_listener:64 - next_offset=2700
2026-04-03 16:05:16,213 [INFO] backend.services.mqtt_listener:64 - ==========================================================================================
2026-04-03 16:05:16,214 [INFO] backend.services.mqtt_listener:64 - Solicitando pacote para smx-000-001: path=/Raw/26-03-27.txt offset=2700 limit=150
2026-04-03 16:05:16,214 [INFO] backend.services.mqtt_listener:457 - Mensagem MQTT publicada. topic=/smx-000-001/broker/to/uc mid=20
2026-04-03 16:05:17,328 [INFO] backend.services.mqtt_listener:128 - Mensagem MQTT recebida. topic=/smx-000-001/uc/to/broker
2026-04-03 16:05:18,551 [INFO] backend.services.mqtt_listener:64 - 
2026-04-03 16:05:18,552 [INFO] backend.services.mqtt_listener:64 - ==========================================================================================
2026-04-03 16:05:18,552 [INFO] backend.services.mqtt_listener:64 - SYNC RESPONSE OK | smx-000-001
2026-04-03 16:05:18,553 [INFO] backend.services.mqtt_listener:64 - ------------------------------------------------------------------------------------------
2026-04-03 16:05:18,553 [INFO] backend.services.mqtt_listener:64 - current_file_index=0
2026-04-03 16:05:18,554 [INFO] backend.services.mqtt_listener:64 - talhao_id=11
2026-04-03 16:05:18,554 [INFO] backend.services.mqtt_listener:64 - path=/Raw/26-03-27.txt
2026-04-03 16:05:18,555 [INFO] backend.services.mqtt_listener:64 - offset=2700
2026-04-03 16:05:18,555 [INFO] backend.services.mqtt_listener:64 - count=150
2026-04-03 16:05:18,555 [INFO] backend.services.mqtt_listener:64 - saved=150
2026-04-03 16:05:18,556 [INFO] backend.services.mqtt_listener:64 - has_more=True
2026-04-03 16:05:18,556 [INFO] backend.services.mqtt_listener:64 - next_offset=2850
2026-04-03 16:05:18,557 [INFO] backend.services.mqtt_listener:64 - ==========================================================================================
2026-04-03 16:05:18,557 [INFO] backend.services.mqtt_listener:64 - Solicitando pacote para smx-000-001: path=/Raw/26-03-27.txt offset=2850 limit=150
2026-04-03 16:05:18,558 [INFO] backend.services.mqtt_listener:457 - Mensagem MQTT publicada. topic=/smx-000-001/broker/to/uc mid=21
2026-04-03 16:05:19,792 [INFO] backend.services.mqtt_listener:128 - Mensagem MQTT recebida. topic=/smx-000-001/uc/to/broker
2026-04-03 16:05:21,031 [INFO] backend.services.mqtt_listener:64 - 
2026-04-03 16:05:21,031 [INFO] backend.services.mqtt_listener:64 - ==========================================================================================
2026-04-03 16:05:21,032 [INFO] backend.services.mqtt_listener:64 - SYNC RESPONSE OK | smx-000-001
2026-04-03 16:05:21,032 [INFO] backend.services.mqtt_listener:64 - ------------------------------------------------------------------------------------------
2026-04-03 16:05:21,033 [INFO] backend.services.mqtt_listener:64 - current_file_index=0
2026-04-03 16:05:21,034 [INFO] backend.services.mqtt_listener:64 - talhao_id=11
2026-04-03 16:05:21,034 [INFO] backend.services.mqtt_listener:64 - path=/Raw/26-03-27.txt
2026-04-03 16:05:21,035 [INFO] backend.services.mqtt_listener:64 - offset=2850
2026-04-03 16:05:21,035 [INFO] backend.services.mqtt_listener:64 - count=150
2026-04-03 16:05:21,036 [INFO] backend.services.mqtt_listener:64 - saved=150
2026-04-03 16:05:21,036 [INFO] backend.services.mqtt_listener:64 - has_more=True
2026-04-03 16:05:21,037 [INFO] backend.services.mqtt_listener:64 - next_offset=3000
2026-04-03 16:05:21,038 [INFO] backend.services.mqtt_listener:64 - ==========================================================================================
2026-04-03 16:05:21,039 [INFO] backend.services.mqtt_listener:64 - Solicitando pacote para smx-000-001: path=/Raw/26-03-27.txt offset=3000 limit=150
2026-04-03 16:05:21,039 [INFO] backend.services.mqtt_listener:457 - Mensagem MQTT publicada. topic=/smx-000-001/broker/to/uc mid=22
2026-04-03 16:05:22,143 [INFO] backend.services.mqtt_listener:128 - Mensagem MQTT recebida. topic=/smx-000-001/uc/to/broker
2026-04-03 16:05:23,387 [INFO] backend.services.mqtt_listener:64 - 
2026-04-03 16:05:23,387 [INFO] backend.services.mqtt_listener:64 - ==========================================================================================
2026-04-03 16:05:23,388 [INFO] backend.services.mqtt_listener:64 - SYNC RESPONSE OK | smx-000-001
2026-04-03 16:05:23,388 [INFO] backend.services.mqtt_listener:64 - ------------------------------------------------------------------------------------------
2026-04-03 16:05:23,389 [INFO] backend.services.mqtt_listener:64 - current_file_index=0
2026-04-03 16:05:23,389 [INFO] backend.services.mqtt_listener:64 - talhao_id=11
2026-04-03 16:05:23,389 [INFO] backend.services.mqtt_listener:64 - path=/Raw/26-03-27.txt
2026-04-03 16:05:23,390 [INFO] backend.services.mqtt_listener:64 - offset=3000
2026-04-03 16:05:23,390 [INFO] backend.services.mqtt_listener:64 - count=150
2026-04-03 16:05:23,391 [INFO] backend.services.mqtt_listener:64 - saved=150
2026-04-03 16:05:23,391 [INFO] backend.services.mqtt_listener:64 - has_more=True
2026-04-03 16:05:23,391 [INFO] backend.services.mqtt_listener:64 - next_offset=3150
2026-04-03 16:05:23,392 [INFO] backend.services.mqtt_listener:64 - ==========================================================================================
2026-04-03 16:05:23,393 [INFO] backend.services.mqtt_listener:64 - Solicitando pacote para smx-000-001: path=/Raw/26-03-27.txt offset=3150 limit=150
2026-04-03 16:05:23,393 [INFO] backend.services.mqtt_listener:457 - Mensagem MQTT publicada. topic=/smx-000-001/broker/to/uc mid=23
2026-04-03 16:05:24,497 [INFO] backend.services.mqtt_listener:128 - Mensagem MQTT recebida. topic=/smx-000-001/uc/to/broker
2026-04-03 16:05:25,717 [INFO] backend.services.mqtt_listener:64 - 
2026-04-03 16:05:25,718 [INFO] backend.services.mqtt_listener:64 - ==========================================================================================
2026-04-03 16:05:25,718 [INFO] backend.services.mqtt_listener:64 - SYNC RESPONSE OK | smx-000-001
2026-04-03 16:05:25,718 [INFO] backend.services.mqtt_listener:64 - ------------------------------------------------------------------------------------------
2026-04-03 16:05:25,719 [INFO] backend.services.mqtt_listener:64 - current_file_index=0
2026-04-03 16:05:25,719 [INFO] backend.services.mqtt_listener:64 - talhao_id=11
2026-04-03 16:05:25,719 [INFO] backend.services.mqtt_listener:64 - path=/Raw/26-03-27.txt
2026-04-03 16:05:25,720 [INFO] backend.services.mqtt_listener:64 - offset=3150
2026-04-03 16:05:25,720 [INFO] backend.services.mqtt_listener:64 - count=150
2026-04-03 16:05:25,721 [INFO] backend.services.mqtt_listener:64 - saved=150
2026-04-03 16:05:25,721 [INFO] backend.services.mqtt_listener:64 - has_more=True
2026-04-03 16:05:25,721 [INFO] backend.services.mqtt_listener:64 - next_offset=3300
2026-04-03 16:05:25,722 [INFO] backend.services.mqtt_listener:64 - ==========================================================================================
2026-04-03 16:05:25,722 [INFO] backend.services.mqtt_listener:64 - Solicitando pacote para smx-000-001: path=/Raw/26-03-27.txt offset=3300 limit=150
2026-04-03 16:05:25,723 [INFO] backend.services.mqtt_listener:457 - Mensagem MQTT publicada. topic=/smx-000-001/broker/to/uc mid=24
2026-04-03 16:05:26,852 [INFO] backend.services.mqtt_listener:128 - Mensagem MQTT recebida. topic=/smx-000-001/uc/to/broker
2026-04-03 16:05:28,110 [INFO] backend.services.mqtt_listener:64 - 
2026-04-03 16:05:28,110 [INFO] backend.services.mqtt_listener:64 - ==========================================================================================
2026-04-03 16:05:28,111 [INFO] backend.services.mqtt_listener:64 - SYNC RESPONSE OK | smx-000-001
2026-04-03 16:05:28,111 [INFO] backend.services.mqtt_listener:64 - ------------------------------------------------------------------------------------------
2026-04-03 16:05:28,112 [INFO] backend.services.mqtt_listener:64 - current_file_index=0
2026-04-03 16:05:28,112 [INFO] backend.services.mqtt_listener:64 - talhao_id=11
2026-04-03 16:05:28,113 [INFO] backend.services.mqtt_listener:64 - path=/Raw/26-03-27.txt
2026-04-03 16:05:28,113 [INFO] backend.services.mqtt_listener:64 - offset=3300
2026-04-03 16:05:28,114 [INFO] backend.services.mqtt_listener:64 - count=150
2026-04-03 16:05:28,114 [INFO] backend.services.mqtt_listener:64 - saved=150
2026-04-03 16:05:28,114 [INFO] backend.services.mqtt_listener:64 - has_more=True
2026-04-03 16:05:28,115 [INFO] backend.services.mqtt_listener:64 - next_offset=3450
2026-04-03 16:05:28,115 [INFO] backend.services.mqtt_listener:64 - ==========================================================================================
2026-04-03 16:05:28,116 [INFO] backend.services.mqtt_listener:64 - Solicitando pacote para smx-000-001: path=/Raw/26-03-27.txt offset=3450 limit=150
2026-04-03 16:05:28,116 [INFO] backend.services.mqtt_listener:457 - Mensagem MQTT publicada. topic=/smx-000-001/broker/to/uc mid=25
2026-04-03 16:05:29,209 [INFO] backend.services.mqtt_listener:128 - Mensagem MQTT recebida. topic=/smx-000-001/uc/to/broker
2026-04-03 16:05:30,430 [INFO] backend.services.mqtt_listener:64 - 
2026-04-03 16:05:30,430 [INFO] backend.services.mqtt_listener:64 - ==========================================================================================
2026-04-03 16:05:30,430 [INFO] backend.services.mqtt_listener:64 - SYNC RESPONSE OK | smx-000-001
2026-04-03 16:05:30,431 [INFO] backend.services.mqtt_listener:64 - ------------------------------------------------------------------------------------------
2026-04-03 16:05:30,431 [INFO] backend.services.mqtt_listener:64 - current_file_index=0
2026-04-03 16:05:30,432 [INFO] backend.services.mqtt_listener:64 - talhao_id=11
2026-04-03 16:05:30,432 [INFO] backend.services.mqtt_listener:64 - path=/Raw/26-03-27.txt
2026-04-03 16:05:30,432 [INFO] backend.services.mqtt_listener:64 - offset=3450
2026-04-03 16:05:30,433 [INFO] backend.services.mqtt_listener:64 - count=150
2026-04-03 16:05:30,433 [INFO] backend.services.mqtt_listener:64 - saved=150
2026-04-03 16:05:30,433 [INFO] backend.services.mqtt_listener:64 - has_more=True
2026-04-03 16:05:30,434 [INFO] backend.services.mqtt_listener:64 - next_offset=3600
2026-04-03 16:05:30,434 [INFO] backend.services.mqtt_listener:64 - ==========================================================================================
2026-04-03 16:05:30,435 [INFO] backend.services.mqtt_listener:64 - Solicitando pacote para smx-000-001: path=/Raw/26-03-27.txt offset=3600 limit=150
2026-04-03 16:05:30,436 [INFO] backend.services.mqtt_listener:457 - Mensagem MQTT publicada. topic=/smx-000-001/broker/to/uc mid=26
2026-04-03 16:05:31,563 [INFO] backend.services.mqtt_listener:128 - Mensagem MQTT recebida. topic=/smx-000-001/uc/to/broker
2026-04-03 16:05:32,783 [INFO] backend.services.mqtt_listener:64 - 
2026-04-03 16:05:32,784 [INFO] backend.services.mqtt_listener:64 - ==========================================================================================
2026-04-03 16:05:32,784 [INFO] backend.services.mqtt_listener:64 - SYNC RESPONSE OK | smx-000-001
2026-04-03 16:05:32,785 [INFO] backend.services.mqtt_listener:64 - ------------------------------------------------------------------------------------------
2026-04-03 16:05:32,785 [INFO] backend.services.mqtt_listener:64 - current_file_index=0
2026-04-03 16:05:32,786 [INFO] backend.services.mqtt_listener:64 - talhao_id=11
2026-04-03 16:05:32,786 [INFO] backend.services.mqtt_listener:64 - path=/Raw/26-03-27.txt
2026-04-03 16:05:32,786 [INFO] backend.services.mqtt_listener:64 - offset=3600
2026-04-03 16:05:32,787 [INFO] backend.services.mqtt_listener:64 - count=150
2026-04-03 16:05:32,787 [INFO] backend.services.mqtt_listener:64 - saved=150
2026-04-03 16:05:32,787 [INFO] backend.services.mqtt_listener:64 - has_more=True
2026-04-03 16:05:32,788 [INFO] backend.services.mqtt_listener:64 - next_offset=3750
2026-04-03 16:05:32,788 [INFO] backend.services.mqtt_listener:64 - ==========================================================================================
2026-04-03 16:05:32,789 [INFO] backend.services.mqtt_listener:64 - Solicitando pacote para smx-000-001: path=/Raw/26-03-27.txt offset=3750 limit=150
2026-04-03 16:05:32,790 [INFO] backend.services.mqtt_listener:457 - Mensagem MQTT publicada. topic=/smx-000-001/broker/to/uc mid=27
2026-04-03 16:05:33,918 [INFO] backend.services.mqtt_listener:128 - Mensagem MQTT recebida. topic=/smx-000-001/uc/to/broker
2026-04-03 16:05:35,153 [INFO] backend.services.mqtt_listener:64 - 
2026-04-03 16:05:35,154 [INFO] backend.services.mqtt_listener:64 - ==========================================================================================
2026-04-03 16:05:35,154 [INFO] backend.services.mqtt_listener:64 - SYNC RESPONSE OK | smx-000-001
2026-04-03 16:05:35,154 [INFO] backend.services.mqtt_listener:64 - ------------------------------------------------------------------------------------------
2026-04-03 16:05:35,155 [INFO] backend.services.mqtt_listener:64 - current_file_index=0
2026-04-03 16:05:35,155 [INFO] backend.services.mqtt_listener:64 - talhao_id=11
2026-04-03 16:05:35,156 [INFO] backend.services.mqtt_listener:64 - path=/Raw/26-03-27.txt
2026-04-03 16:05:35,156 [INFO] backend.services.mqtt_listener:64 - offset=3750
2026-04-03 16:05:35,156 [INFO] backend.services.mqtt_listener:64 - count=150
2026-04-03 16:05:35,157 [INFO] backend.services.mqtt_listener:64 - saved=150
2026-04-03 16:05:35,157 [INFO] backend.services.mqtt_listener:64 - has_more=True
2026-04-03 16:05:35,158 [INFO] backend.services.mqtt_listener:64 - next_offset=3900
2026-04-03 16:05:35,158 [INFO] backend.services.mqtt_listener:64 - ==========================================================================================
2026-04-03 16:05:35,159 [INFO] backend.services.mqtt_listener:64 - Solicitando pacote para smx-000-001: path=/Raw/26-03-27.txt offset=3900 limit=150
2026-04-03 16:05:35,159 [INFO] backend.services.mqtt_listener:457 - Mensagem MQTT publicada. topic=/smx-000-001/broker/to/uc mid=28
2026-04-03 16:05:36,170 [INFO] backend.services.mqtt_listener:128 - Mensagem MQTT recebida. topic=/smx-000-001/uc/to/broker
2026-04-03 16:05:37,385 [INFO] backend.services.mqtt_listener:64 - 
2026-04-03 16:05:37,385 [INFO] backend.services.mqtt_listener:64 - ==========================================================================================
2026-04-03 16:05:37,385 [INFO] backend.services.mqtt_listener:64 - SYNC RESPONSE OK | smx-000-001
2026-04-03 16:05:37,386 [INFO] backend.services.mqtt_listener:64 - ------------------------------------------------------------------------------------------
2026-04-03 16:05:37,386 [INFO] backend.services.mqtt_listener:64 - current_file_index=0
2026-04-03 16:05:37,387 [INFO] backend.services.mqtt_listener:64 - talhao_id=11
2026-04-03 16:05:37,387 [INFO] backend.services.mqtt_listener:64 - path=/Raw/26-03-27.txt
2026-04-03 16:05:37,387 [INFO] backend.services.mqtt_listener:64 - offset=3900
2026-04-03 16:05:37,388 [INFO] backend.services.mqtt_listener:64 - count=110
2026-04-03 16:05:37,388 [INFO] backend.services.mqtt_listener:64 - saved=110
2026-04-03 16:05:37,388 [INFO] backend.services.mqtt_listener:64 - has_more=False
2026-04-03 16:05:37,389 [INFO] backend.services.mqtt_listener:64 - next_offset=4010
2026-04-03 16:05:37,389 [INFO] backend.services.mqtt_listener:64 - ==========================================================================================
2026-04-03 16:05:37,390 [INFO] backend.services.mqtt_listener:64 - 
2026-04-03 16:05:37,391 [INFO] backend.services.mqtt_listener:64 - ==========================================================================================
2026-04-03 16:05:37,391 [INFO] backend.services.mqtt_listener:64 - SYNC FILE DONE | smx-000-001
2026-04-03 16:05:37,391 [INFO] backend.services.mqtt_listener:64 - ------------------------------------------------------------------------------------------
2026-04-03 16:05:37,392 [INFO] backend.services.mqtt_listener:64 - Arquivo concluido: /Raw/26-03-27.txt
2026-04-03 16:05:37,392 [INFO] backend.services.mqtt_listener:64 - current_file_index antes do incremento=0
2026-04-03 16:05:37,393 [INFO] backend.services.mqtt_listener:64 - Proximo passo real esperado: avisar UC para excluir o arquivo.
2026-04-03 16:05:37,393 [INFO] backend.services.mqtt_listener:64 - ==========================================================================================
2026-04-03 16:05:37,394 [INFO] backend.services.mqtt_listener:64 - 
2026-04-03 16:05:37,395 [INFO] backend.services.mqtt_listener:64 - ==========================================================================================
2026-04-03 16:05:37,395 [INFO] backend.services.mqtt_listener:64 - SYNC NEXT FILE | smx-000-001
2026-04-03 16:05:37,396 [INFO] backend.services.mqtt_listener:64 - ------------------------------------------------------------------------------------------
2026-04-03 16:05:37,396 [INFO] backend.services.mqtt_listener:64 - current_file_index depois do incremento=1
2026-04-03 16:05:37,396 [INFO] backend.services.mqtt_listener:64 - ==========================================================================================
2026-04-03 16:05:37,402 [INFO] backend.services.mqtt_listener:64 - 
2026-04-03 16:05:37,403 [INFO] backend.services.mqtt_listener:64 - ==========================================================================================
2026-04-03 16:05:37,403 [INFO] backend.services.mqtt_listener:64 - SYNC REQUEST NEXT | smx-000-001
2026-04-03 16:05:37,403 [INFO] backend.services.mqtt_listener:64 - ------------------------------------------------------------------------------------------
2026-04-03 16:05:37,404 [INFO] backend.services.mqtt_listener:64 - current_file_index=1
2026-04-03 16:05:37,404 [INFO] backend.services.mqtt_listener:64 - path=/Raw/default.txt
2026-04-03 16:05:37,404 [INFO] backend.services.mqtt_listener:64 - registers=233
2026-04-03 16:05:37,405 [INFO] backend.services.mqtt_listener:64 - offset=0
2026-04-03 16:05:37,405 [INFO] backend.services.mqtt_listener:64 - limit=150
2026-04-03 16:05:37,406 [INFO] backend.services.mqtt_listener:64 - ==========================================================================================
2026-04-03 16:05:37,406 [INFO] backend.services.mqtt_listener:64 - Solicitando pacote para smx-000-001: path=/Raw/default.txt offset=0 limit=150
2026-04-03 16:05:37,407 [INFO] backend.services.mqtt_listener:457 - Mensagem MQTT publicada. topic=/smx-000-001/broker/to/uc mid=29
2026-04-03 16:05:38,219 [INFO] backend.services.mqtt_listener:128 - Mensagem MQTT recebida. topic=/smx-000-001/uc/to/broker
2026-04-03 16:05:39,738 [INFO] backend.services.mqtt_listener:64 - 
2026-04-03 16:05:39,738 [INFO] backend.services.mqtt_listener:64 - ==========================================================================================
2026-04-03 16:05:39,739 [INFO] backend.services.mqtt_listener:64 - SYNC RESPONSE OK | smx-000-001
2026-04-03 16:05:39,739 [INFO] backend.services.mqtt_listener:64 - ------------------------------------------------------------------------------------------
2026-04-03 16:05:39,740 [INFO] backend.services.mqtt_listener:64 - current_file_index=1
2026-04-03 16:05:39,740 [INFO] backend.services.mqtt_listener:64 - talhao_id=12
2026-04-03 16:05:39,773 [INFO] backend.services.mqtt_listener:64 - path=/Raw/default.txt
2026-04-03 16:05:39,774 [INFO] backend.services.mqtt_listener:64 - offset=0
2026-04-03 16:05:39,776 [INFO] backend.services.mqtt_listener:64 - count=150
2026-04-03 16:05:39,776 [INFO] backend.services.mqtt_listener:64 - saved=150
2026-04-03 16:05:39,777 [INFO] backend.services.mqtt_listener:64 - has_more=True
2026-04-03 16:05:39,777 [INFO] backend.services.mqtt_listener:64 - next_offset=150
2026-04-03 16:05:39,778 [INFO] backend.services.mqtt_listener:64 - ==========================================================================================
2026-04-03 16:05:39,779 [INFO] backend.services.mqtt_listener:64 - Solicitando pacote para smx-000-001: path=/Raw/default.txt offset=150 limit=150
2026-04-03 16:05:39,780 [INFO] backend.services.mqtt_listener:457 - Mensagem MQTT publicada. topic=/smx-000-001/broker/to/uc mid=30
2026-04-03 16:05:40,470 [WARNING] backend.services.mqtt_listener:64 - Payload descartado por falha ao decodificar JSON UTF-8. topic=/smx-000-001/uc/to/broker
2026-04-03 16:05:40,473 [WARNING] backend.services.mqtt_listener:64 - 
2026-04-03 16:05:40,473 [WARNING] backend.services.mqtt_listener:64 - ==========================================================================================
2026-04-03 16:05:40,474 [WARNING] backend.services.mqtt_listener:64 - SYNC RETRY | smx-000-001
2026-04-03 16:05:40,474 [WARNING] backend.services.mqtt_listener:64 - ------------------------------------------------------------------------------------------
2026-04-03 16:05:40,474 [WARNING] backend.services.mqtt_listener:64 - path=/Raw/default.txt
2026-04-03 16:05:40,475 [WARNING] backend.services.mqtt_listener:64 - offset=150
2026-04-03 16:05:40,475 [WARNING] backend.services.mqtt_listener:64 - limit=150
2026-04-03 16:05:40,476 [WARNING] backend.services.mqtt_listener:64 - current_file_index=1
2026-04-03 16:05:40,476 [WARNING] backend.services.mqtt_listener:64 - retry=1/3
2026-04-03 16:05:40,477 [WARNING] backend.services.mqtt_listener:64 - ==========================================================================================
2026-04-03 16:05:40,477 [INFO] backend.services.mqtt_listener:64 - Solicitando pacote para smx-000-001: path=/Raw/default.txt offset=150 limit=150
2026-04-03 16:05:40,478 [INFO] backend.services.mqtt_listener:457 - Mensagem MQTT publicada. topic=/smx-000-001/broker/to/uc mid=31
2026-04-03 16:05:41,394 [WARNING] backend.services.mqtt_listener:64 - Payload descartado por falha ao decodificar JSON UTF-8. topic=/smx-000-001/uc/to/broker
2026-04-03 16:05:41,397 [WARNING] backend.services.mqtt_listener:64 - 
2026-04-03 16:05:41,397 [WARNING] backend.services.mqtt_listener:64 - ==========================================================================================
2026-04-03 16:05:41,398 [WARNING] backend.services.mqtt_listener:64 - SYNC RETRY | smx-000-001
2026-04-03 16:05:41,398 [WARNING] backend.services.mqtt_listener:64 - ------------------------------------------------------------------------------------------
2026-04-03 16:05:41,398 [WARNING] backend.services.mqtt_listener:64 - path=/Raw/default.txt
2026-04-03 16:05:41,399 [WARNING] backend.services.mqtt_listener:64 - offset=150
2026-04-03 16:05:41,399 [WARNING] backend.services.mqtt_listener:64 - limit=150
2026-04-03 16:05:41,400 [WARNING] backend.services.mqtt_listener:64 - current_file_index=1
2026-04-03 16:05:41,400 [WARNING] backend.services.mqtt_listener:64 - retry=2/3
2026-04-03 16:05:41,401 [WARNING] backend.services.mqtt_listener:64 - ==========================================================================================
2026-04-03 16:05:41,401 [INFO] backend.services.mqtt_listener:64 - Solicitando pacote para smx-000-001: path=/Raw/default.txt offset=150 limit=150
2026-04-03 16:05:41,402 [INFO] backend.services.mqtt_listener:457 - Mensagem MQTT publicada. topic=/smx-000-001/broker/to/uc mid=32
2026-04-03 16:05:42,315 [WARNING] backend.services.mqtt_listener:64 - Payload descartado por falha ao decodificar JSON UTF-8. topic=/smx-000-001/uc/to/broker
2026-04-03 16:05:42,319 [WARNING] backend.services.mqtt_listener:64 - 
2026-04-03 16:05:42,319 [WARNING] backend.services.mqtt_listener:64 - ==========================================================================================
2026-04-03 16:05:42,320 [WARNING] backend.services.mqtt_listener:64 - SYNC RETRY | smx-000-001
2026-04-03 16:05:42,320 [WARNING] backend.services.mqtt_listener:64 - ------------------------------------------------------------------------------------------
2026-04-03 16:05:42,321 [WARNING] backend.services.mqtt_listener:64 - path=/Raw/default.txt
2026-04-03 16:05:42,321 [WARNING] backend.services.mqtt_listener:64 - offset=150
2026-04-03 16:05:42,321 [WARNING] backend.services.mqtt_listener:64 - limit=150
2026-04-03 16:05:42,322 [WARNING] backend.services.mqtt_listener:64 - current_file_index=1
2026-04-03 16:05:42,322 [WARNING] backend.services.mqtt_listener:64 - retry=3/3
2026-04-03 16:05:42,322 [WARNING] backend.services.mqtt_listener:64 - ==========================================================================================
2026-04-03 16:05:42,323 [INFO] backend.services.mqtt_listener:64 - Solicitando pacote para smx-000-001: path=/Raw/default.txt offset=150 limit=150
2026-04-03 16:05:42,323 [INFO] backend.services.mqtt_listener:457 - Mensagem MQTT publicada. topic=/smx-000-001/broker/to/uc mid=33
2026-04-03 16:05:43,338 [WARNING] backend.services.mqtt_listener:64 - Payload descartado por falha ao decodificar JSON UTF-8. topic=/smx-000-001/uc/to/broker
2026-04-03 16:05:43,341 [WARNING] backend.services.mqtt_listener:64 - 
2026-04-03 16:05:43,342 [WARNING] backend.services.mqtt_listener:64 - ==========================================================================================
2026-04-03 16:05:43,342 [WARNING] backend.services.mqtt_listener:64 - SYNC SKIP FILE | smx-000-001
2026-04-03 16:05:43,343 [WARNING] backend.services.mqtt_listener:64 - ------------------------------------------------------------------------------------------
2026-04-03 16:05:43,343 [WARNING] backend.services.mqtt_listener:64 - Limite de retries por pacote atingido.
2026-04-03 16:05:43,343 [WARNING] backend.services.mqtt_listener:64 - path=/Raw/default.txt
2026-04-03 16:05:43,344 [WARNING] backend.services.mqtt_listener:64 - offset=150
2026-04-03 16:05:43,344 [WARNING] backend.services.mqtt_listener:64 - limit=150
2026-04-03 16:05:43,344 [WARNING] backend.services.mqtt_listener:64 - retry=4/3
2026-04-03 16:05:43,345 [WARNING] backend.services.mqtt_listener:64 - Arquivo atual sera abandonado e o fluxo seguira para o proximo.
2026-04-03 16:05:43,345 [WARNING] backend.services.mqtt_listener:64 - ==========================================================================================
2026-04-03 16:05:43,346 [INFO] backend.services.mqtt_listener:64 - 
2026-04-03 16:05:43,347 [INFO] backend.services.mqtt_listener:64 - ==========================================================================================
2026-04-03 16:05:43,347 [INFO] backend.services.mqtt_listener:64 - SYNC REQUEST NEXT | smx-000-001
2026-04-03 16:05:43,348 [INFO] backend.services.mqtt_listener:64 - ------------------------------------------------------------------------------------------
2026-04-03 16:05:43,348 [INFO] backend.services.mqtt_listener:64 - current_file_index=2
2026-04-03 16:05:43,348 [INFO] backend.services.mqtt_listener:64 - path=/Raw/26-04-01.txt
2026-04-03 16:05:43,349 [INFO] backend.services.mqtt_listener:64 - registers=4721
2026-04-03 16:05:43,349 [INFO] backend.services.mqtt_listener:64 - offset=0
2026-04-03 16:05:43,349 [INFO] backend.services.mqtt_listener:64 - limit=150
2026-04-03 16:05:43,350 [INFO] backend.services.mqtt_listener:64 - ==========================================================================================
2026-04-03 16:05:43,350 [INFO] backend.services.mqtt_listener:64 - Solicitando pacote para smx-000-001: path=/Raw/26-04-01.txt offset=0 limit=150
2026-04-03 16:05:43,351 [INFO] backend.services.mqtt_listener:457 - Mensagem MQTT publicada. topic=/smx-000-001/broker/to/uc mid=34
2026-04-03 16:05:44,671 [INFO] backend.services.mqtt_listener:128 - Mensagem MQTT recebida. topic=/smx-000-001/uc/to/broker
2026-04-03 16:05:46,190 [INFO] backend.services.mqtt_listener:64 - 
2026-04-03 16:05:46,190 [INFO] backend.services.mqtt_listener:64 - ==========================================================================================
2026-04-03 16:05:46,191 [INFO] backend.services.mqtt_listener:64 - SYNC RESPONSE OK | smx-000-001
2026-04-03 16:05:46,191 [INFO] backend.services.mqtt_listener:64 - ------------------------------------------------------------------------------------------
2026-04-03 16:05:46,191 [INFO] backend.services.mqtt_listener:64 - current_file_index=2
2026-04-03 16:05:46,192 [INFO] backend.services.mqtt_listener:64 - talhao_id=13
2026-04-03 16:05:46,192 [INFO] backend.services.mqtt_listener:64 - path=/Raw/26-04-01.txt
2026-04-03 16:05:46,193 [INFO] backend.services.mqtt_listener:64 - offset=0
2026-04-03 16:05:46,193 [INFO] backend.services.mqtt_listener:64 - count=150
2026-04-03 16:05:46,193 [INFO] backend.services.mqtt_listener:64 - saved=150
2026-04-03 16:05:46,194 [INFO] backend.services.mqtt_listener:64 - has_more=True
2026-04-03 16:05:46,194 [INFO] backend.services.mqtt_listener:64 - next_offset=150
2026-04-03 16:05:46,195 [INFO] backend.services.mqtt_listener:64 - ==========================================================================================
2026-04-03 16:05:46,195 [INFO] backend.services.mqtt_listener:64 - Solicitando pacote para smx-000-001: path=/Raw/26-04-01.txt offset=150 limit=150
2026-04-03 16:05:46,196 [INFO] backend.services.mqtt_listener:457 - Mensagem MQTT publicada. topic=/smx-000-001/broker/to/uc mid=35
2026-04-03 16:05:47,332 [INFO] backend.services.mqtt_listener:128 - Mensagem MQTT recebida. topic=/smx-000-001/uc/to/broker
2026-04-03 16:05:48,551 [INFO] backend.services.mqtt_listener:64 - 
2026-04-03 16:05:48,552 [INFO] backend.services.mqtt_listener:64 - ==========================================================================================
2026-04-03 16:05:48,553 [INFO] backend.services.mqtt_listener:64 - SYNC RESPONSE OK | smx-000-001
2026-04-03 16:05:48,553 [INFO] backend.services.mqtt_listener:64 - ------------------------------------------------------------------------------------------
2026-04-03 16:05:48,554 [INFO] backend.services.mqtt_listener:64 - current_file_index=2
2026-04-03 16:05:48,554 [INFO] backend.services.mqtt_listener:64 - talhao_id=13
2026-04-03 16:05:48,555 [INFO] backend.services.mqtt_listener:64 - path=/Raw/26-04-01.txt
2026-04-03 16:05:48,555 [INFO] backend.services.mqtt_listener:64 - offset=150
2026-04-03 16:05:48,555 [INFO] backend.services.mqtt_listener:64 - count=150
2026-04-03 16:05:48,556 [INFO] backend.services.mqtt_listener:64 - saved=150
2026-04-03 16:05:48,556 [INFO] backend.services.mqtt_listener:64 - has_more=True
2026-04-03 16:05:48,557 [INFO] backend.services.mqtt_listener:64 - next_offset=300
2026-04-03 16:05:48,557 [INFO] backend.services.mqtt_listener:64 - ==========================================================================================
2026-04-03 16:05:48,558 [INFO] backend.services.mqtt_listener:64 - Solicitando pacote para smx-000-001: path=/Raw/26-04-01.txt offset=300 limit=150
2026-04-03 16:05:48,558 [INFO] backend.services.mqtt_listener:457 - Mensagem MQTT publicada. topic=/smx-000-001/broker/to/uc mid=36
2026-04-03 16:05:49,792 [INFO] backend.services.mqtt_listener:128 - Mensagem MQTT recebida. topic=/smx-000-001/uc/to/broker
2026-04-03 16:05:51,013 [INFO] backend.services.mqtt_listener:64 - 
2026-04-03 16:05:51,014 [INFO] backend.services.mqtt_listener:64 - ==========================================================================================
2026-04-03 16:05:51,014 [INFO] backend.services.mqtt_listener:64 - SYNC RESPONSE OK | smx-000-001
2026-04-03 16:05:51,015 [INFO] backend.services.mqtt_listener:64 - ------------------------------------------------------------------------------------------
2026-04-03 16:05:51,015 [INFO] backend.services.mqtt_listener:64 - current_file_index=2
2026-04-03 16:05:51,015 [INFO] backend.services.mqtt_listener:64 - talhao_id=13
2026-04-03 16:05:51,016 [INFO] backend.services.mqtt_listener:64 - path=/Raw/26-04-01.txt
2026-04-03 16:05:51,016 [INFO] backend.services.mqtt_listener:64 - offset=300
2026-04-03 16:05:51,017 [INFO] backend.services.mqtt_listener:64 - count=150
2026-04-03 16:05:51,017 [INFO] backend.services.mqtt_listener:64 - saved=150
2026-04-03 16:05:51,017 [INFO] backend.services.mqtt_listener:64 - has_more=True
2026-04-03 16:05:51,018 [INFO] backend.services.mqtt_listener:64 - next_offset=450
2026-04-03 16:05:51,018 [INFO] backend.services.mqtt_listener:64 - ==========================================================================================
2026-04-03 16:05:51,019 [INFO] backend.services.mqtt_listener:64 - Solicitando pacote para smx-000-001: path=/Raw/26-04-01.txt offset=450 limit=150
2026-04-03 16:05:51,019 [INFO] backend.services.mqtt_listener:457 - Mensagem MQTT publicada. topic=/smx-000-001/broker/to/uc mid=37
2026-04-03 16:05:52,146 [INFO] backend.services.mqtt_listener:128 - Mensagem MQTT recebida. topic=/smx-000-001/uc/to/broker
2026-04-03 16:05:53,371 [INFO] backend.services.mqtt_listener:64 - 
2026-04-03 16:05:53,372 [INFO] backend.services.mqtt_listener:64 - ==========================================================================================
2026-04-03 16:05:53,372 [INFO] backend.services.mqtt_listener:64 - SYNC RESPONSE OK | smx-000-001
2026-04-03 16:05:53,372 [INFO] backend.services.mqtt_listener:64 - ------------------------------------------------------------------------------------------
2026-04-03 16:05:53,373 [INFO] backend.services.mqtt_listener:64 - current_file_index=2
2026-04-03 16:05:53,373 [INFO] backend.services.mqtt_listener:64 - talhao_id=13
2026-04-03 16:05:53,374 [INFO] backend.services.mqtt_listener:64 - path=/Raw/26-04-01.txt
2026-04-03 16:05:53,374 [INFO] backend.services.mqtt_listener:64 - offset=450
2026-04-03 16:05:53,374 [INFO] backend.services.mqtt_listener:64 - count=150
2026-04-03 16:05:53,375 [INFO] backend.services.mqtt_listener:64 - saved=150
2026-04-03 16:05:53,375 [INFO] backend.services.mqtt_listener:64 - has_more=True
2026-04-03 16:05:53,376 [INFO] backend.services.mqtt_listener:64 - next_offset=600
2026-04-03 16:05:53,376 [INFO] backend.services.mqtt_listener:64 - ==========================================================================================
2026-04-03 16:05:53,377 [INFO] backend.services.mqtt_listener:64 - Solicitando pacote para smx-000-001: path=/Raw/26-04-01.txt offset=600 limit=150
2026-04-03 16:05:53,377 [INFO] backend.services.mqtt_listener:457 - Mensagem MQTT publicada. topic=/smx-000-001/broker/to/uc mid=38
2026-04-03 16:05:54,500 [INFO] backend.services.mqtt_listener:128 - Mensagem MQTT recebida. topic=/smx-000-001/uc/to/broker
2026-04-03 16:05:55,750 [INFO] backend.services.mqtt_listener:64 - 
2026-04-03 16:05:55,750 [INFO] backend.services.mqtt_listener:64 - ==========================================================================================
2026-04-03 16:05:55,751 [INFO] backend.services.mqtt_listener:64 - SYNC RESPONSE OK | smx-000-001
2026-04-03 16:05:55,751 [INFO] backend.services.mqtt_listener:64 - ------------------------------------------------------------------------------------------
2026-04-03 16:05:55,752 [INFO] backend.services.mqtt_listener:64 - current_file_index=2
2026-04-03 16:05:55,752 [INFO] backend.services.mqtt_listener:64 - talhao_id=13
2026-04-03 16:05:55,752 [INFO] backend.services.mqtt_listener:64 - path=/Raw/26-04-01.txt
2026-04-03 16:05:55,753 [INFO] backend.services.mqtt_listener:64 - offset=600
2026-04-03 16:05:55,753 [INFO] backend.services.mqtt_listener:64 - count=150
2026-04-03 16:05:55,754 [INFO] backend.services.mqtt_listener:64 - saved=150
2026-04-03 16:05:55,754 [INFO] backend.services.mqtt_listener:64 - has_more=True
2026-04-03 16:05:55,754 [INFO] backend.services.mqtt_listener:64 - next_offset=750
2026-04-03 16:05:55,755 [INFO] backend.services.mqtt_listener:64 - ==========================================================================================
2026-04-03 16:05:55,756 [INFO] backend.services.mqtt_listener:64 - Solicitando pacote para smx-000-001: path=/Raw/26-04-01.txt offset=750 limit=150
2026-04-03 16:05:55,756 [INFO] backend.services.mqtt_listener:457 - Mensagem MQTT publicada. topic=/smx-000-001/broker/to/uc mid=39
2026-04-03 16:05:56,964 [INFO] backend.services.mqtt_listener:128 - Mensagem MQTT recebida. topic=/smx-000-001/uc/to/broker
2026-04-03 16:05:58,185 [INFO] backend.services.mqtt_listener:64 - 
2026-04-03 16:05:58,185 [INFO] backend.services.mqtt_listener:64 - ==========================================================================================
2026-04-03 16:05:58,186 [INFO] backend.services.mqtt_listener:64 - SYNC RESPONSE OK | smx-000-001
2026-04-03 16:05:58,186 [INFO] backend.services.mqtt_listener:64 - ------------------------------------------------------------------------------------------
2026-04-03 16:05:58,187 [INFO] backend.services.mqtt_listener:64 - current_file_index=2
2026-04-03 16:05:58,187 [INFO] backend.services.mqtt_listener:64 - talhao_id=13
2026-04-03 16:05:58,188 [INFO] backend.services.mqtt_listener:64 - path=/Raw/26-04-01.txt
2026-04-03 16:05:58,188 [INFO] backend.services.mqtt_listener:64 - offset=750
2026-04-03 16:05:58,188 [INFO] backend.services.mqtt_listener:64 - count=150
2026-04-03 16:05:58,189 [INFO] backend.services.mqtt_listener:64 - saved=150
2026-04-03 16:05:58,189 [INFO] backend.services.mqtt_listener:64 - has_more=True
2026-04-03 16:05:58,190 [INFO] backend.services.mqtt_listener:64 - next_offset=900
2026-04-03 16:05:58,190 [INFO] backend.services.mqtt_listener:64 - ==========================================================================================
2026-04-03 16:05:58,191 [INFO] backend.services.mqtt_listener:64 - Solicitando pacote para smx-000-001: path=/Raw/26-04-01.txt offset=900 limit=150
2026-04-03 16:05:58,191 [INFO] backend.services.mqtt_listener:457 - Mensagem MQTT publicada. topic=/smx-000-001/broker/to/uc mid=40
2026-04-03 16:05:59,315 [INFO] backend.services.mqtt_listener:128 - Mensagem MQTT recebida. topic=/smx-000-001/uc/to/broker
2026-04-03 16:06:00,535 [INFO] backend.services.mqtt_listener:64 - 
2026-04-03 16:06:00,536 [INFO] backend.services.mqtt_listener:64 - ==========================================================================================
2026-04-03 16:06:00,536 [INFO] backend.services.mqtt_listener:64 - SYNC RESPONSE OK | smx-000-001
2026-04-03 16:06:00,536 [INFO] backend.services.mqtt_listener:64 - ------------------------------------------------------------------------------------------
2026-04-03 16:06:00,537 [INFO] backend.services.mqtt_listener:64 - current_file_index=2
2026-04-03 16:06:00,537 [INFO] backend.services.mqtt_listener:64 - talhao_id=13
2026-04-03 16:06:00,538 [INFO] backend.services.mqtt_listener:64 - path=/Raw/26-04-01.txt
2026-04-03 16:06:00,538 [INFO] backend.services.mqtt_listener:64 - offset=900
2026-04-03 16:06:00,538 [INFO] backend.services.mqtt_listener:64 - count=150
2026-04-03 16:06:00,539 [INFO] backend.services.mqtt_listener:64 - saved=150
2026-04-03 16:06:00,539 [INFO] backend.services.mqtt_listener:64 - has_more=True
2026-04-03 16:06:00,539 [INFO] backend.services.mqtt_listener:64 - next_offset=1050
2026-04-03 16:06:00,540 [INFO] backend.services.mqtt_listener:64 - ==========================================================================================
2026-04-03 16:06:00,540 [INFO] backend.services.mqtt_listener:64 - Solicitando pacote para smx-000-001: path=/Raw/26-04-01.txt offset=1050 limit=150
2026-04-03 16:06:00,541 [INFO] backend.services.mqtt_listener:457 - Mensagem MQTT publicada. topic=/smx-000-001/broker/to/uc mid=41
2026-04-03 16:06:01,671 [INFO] backend.services.mqtt_listener:128 - Mensagem MQTT recebida. topic=/smx-000-001/uc/to/broker
2026-04-03 16:06:02,892 [INFO] backend.services.mqtt_listener:64 - 
2026-04-03 16:06:02,893 [INFO] backend.services.mqtt_listener:64 - ==========================================================================================
2026-04-03 16:06:02,893 [INFO] backend.services.mqtt_listener:64 - SYNC RESPONSE OK | smx-000-001
2026-04-03 16:06:02,894 [INFO] backend.services.mqtt_listener:64 - ------------------------------------------------------------------------------------------
2026-04-03 16:06:02,894 [INFO] backend.services.mqtt_listener:64 - current_file_index=2
2026-04-03 16:06:02,895 [INFO] backend.services.mqtt_listener:64 - talhao_id=13
2026-04-03 16:06:02,895 [INFO] backend.services.mqtt_listener:64 - path=/Raw/26-04-01.txt
2026-04-03 16:06:02,896 [INFO] backend.services.mqtt_listener:64 - offset=1050
2026-04-03 16:06:02,896 [INFO] backend.services.mqtt_listener:64 - count=150
2026-04-03 16:06:02,897 [INFO] backend.services.mqtt_listener:64 - saved=150
2026-04-03 16:06:02,897 [INFO] backend.services.mqtt_listener:64 - has_more=True
2026-04-03 16:06:02,898 [INFO] backend.services.mqtt_listener:64 - next_offset=1200
2026-04-03 16:06:02,898 [INFO] backend.services.mqtt_listener:64 - ==========================================================================================
2026-04-03 16:06:02,899 [INFO] backend.services.mqtt_listener:64 - Solicitando pacote para smx-000-001: path=/Raw/26-04-01.txt offset=1200 limit=150
2026-04-03 16:06:02,900 [INFO] backend.services.mqtt_listener:457 - Mensagem MQTT publicada. topic=/smx-000-001/broker/to/uc mid=42
2026-04-03 16:06:04,024 [INFO] backend.services.mqtt_listener:128 - Mensagem MQTT recebida. topic=/smx-000-001/uc/to/broker
2026-04-03 16:06:05,247 [INFO] backend.services.mqtt_listener:64 - 
2026-04-03 16:06:05,247 [INFO] backend.services.mqtt_listener:64 - ==========================================================================================
2026-04-03 16:06:05,247 [INFO] backend.services.mqtt_listener:64 - SYNC RESPONSE OK | smx-000-001
2026-04-03 16:06:05,248 [INFO] backend.services.mqtt_listener:64 - ------------------------------------------------------------------------------------------
2026-04-03 16:06:05,248 [INFO] backend.services.mqtt_listener:64 - current_file_index=2
2026-04-03 16:06:05,249 [INFO] backend.services.mqtt_listener:64 - talhao_id=13
2026-04-03 16:06:05,249 [INFO] backend.services.mqtt_listener:64 - path=/Raw/26-04-01.txt
2026-04-03 16:06:05,249 [INFO] backend.services.mqtt_listener:64 - offset=1200
2026-04-03 16:06:05,250 [INFO] backend.services.mqtt_listener:64 - count=150
2026-04-03 16:06:05,250 [INFO] backend.services.mqtt_listener:64 - saved=150
2026-04-03 16:06:05,251 [INFO] backend.services.mqtt_listener:64 - has_more=True
2026-04-03 16:06:05,251 [INFO] backend.services.mqtt_listener:64 - next_offset=1350
2026-04-03 16:06:05,251 [INFO] backend.services.mqtt_listener:64 - ==========================================================================================
2026-04-03 16:06:05,252 [INFO] backend.services.mqtt_listener:64 - Solicitando pacote para smx-000-001: path=/Raw/26-04-01.txt offset=1350 limit=150
2026-04-03 16:06:05,253 [INFO] backend.services.mqtt_listener:457 - Mensagem MQTT publicada. topic=/smx-000-001/broker/to/uc mid=43
2026-04-03 16:06:06,384 [INFO] backend.services.mqtt_listener:128 - Mensagem MQTT recebida. topic=/smx-000-001/uc/to/broker
2026-04-03 16:06:07,613 [INFO] backend.services.mqtt_listener:64 - 
2026-04-03 16:06:07,614 [INFO] backend.services.mqtt_listener:64 - ==========================================================================================
2026-04-03 16:06:07,614 [INFO] backend.services.mqtt_listener:64 - SYNC RESPONSE OK | smx-000-001
2026-04-03 16:06:07,615 [INFO] backend.services.mqtt_listener:64 - ------------------------------------------------------------------------------------------
2026-04-03 16:06:07,615 [INFO] backend.services.mqtt_listener:64 - current_file_index=2
2026-04-03 16:06:07,615 [INFO] backend.services.mqtt_listener:64 - talhao_id=13
2026-04-03 16:06:07,616 [INFO] backend.services.mqtt_listener:64 - path=/Raw/26-04-01.txt
2026-04-03 16:06:07,616 [INFO] backend.services.mqtt_listener:64 - offset=1350
2026-04-03 16:06:07,617 [INFO] backend.services.mqtt_listener:64 - count=150
2026-04-03 16:06:07,617 [INFO] backend.services.mqtt_listener:64 - saved=150
2026-04-03 16:06:07,617 [INFO] backend.services.mqtt_listener:64 - has_more=True
2026-04-03 16:06:07,618 [INFO] backend.services.mqtt_listener:64 - next_offset=1500
2026-04-03 16:06:07,618 [INFO] backend.services.mqtt_listener:64 - ==========================================================================================
2026-04-03 16:06:07,618 [INFO] backend.services.mqtt_listener:64 - Solicitando pacote para smx-000-001: path=/Raw/26-04-01.txt offset=1500 limit=150
2026-04-03 16:06:07,619 [INFO] backend.services.mqtt_listener:457 - Mensagem MQTT publicada. topic=/smx-000-001/broker/to/uc mid=44
2026-04-03 16:06:08,736 [INFO] backend.services.mqtt_listener:128 - Mensagem MQTT recebida. topic=/smx-000-001/uc/to/broker
2026-04-03 16:06:09,959 [INFO] backend.services.mqtt_listener:64 - 
2026-04-03 16:06:09,959 [INFO] backend.services.mqtt_listener:64 - ==========================================================================================
2026-04-03 16:06:09,960 [INFO] backend.services.mqtt_listener:64 - SYNC RESPONSE OK | smx-000-001
2026-04-03 16:06:09,960 [INFO] backend.services.mqtt_listener:64 - ------------------------------------------------------------------------------------------
2026-04-03 16:06:09,960 [INFO] backend.services.mqtt_listener:64 - current_file_index=2
2026-04-03 16:06:09,961 [INFO] backend.services.mqtt_listener:64 - talhao_id=13
2026-04-03 16:06:09,961 [INFO] backend.services.mqtt_listener:64 - path=/Raw/26-04-01.txt
2026-04-03 16:06:09,962 [INFO] backend.services.mqtt_listener:64 - offset=1500
2026-04-03 16:06:09,962 [INFO] backend.services.mqtt_listener:64 - count=150
2026-04-03 16:06:09,962 [INFO] backend.services.mqtt_listener:64 - saved=150
2026-04-03 16:06:09,963 [INFO] backend.services.mqtt_listener:64 - has_more=True
2026-04-03 16:06:09,963 [INFO] backend.services.mqtt_listener:64 - next_offset=1650
2026-04-03 16:06:09,964 [INFO] backend.services.mqtt_listener:64 - ==========================================================================================
2026-04-03 16:06:09,964 [INFO] backend.services.mqtt_listener:64 - Solicitando pacote para smx-000-001: path=/Raw/26-04-01.txt offset=1650 limit=150
2026-04-03 16:06:09,965 [INFO] backend.services.mqtt_listener:457 - Mensagem MQTT publicada. topic=/smx-000-001/broker/to/uc mid=45
2026-04-03 16:06:11,091 [INFO] backend.services.mqtt_listener:128 - Mensagem MQTT recebida. topic=/smx-000-001/uc/to/broker
2026-04-03 16:06:12,315 [INFO] backend.services.mqtt_listener:64 - 
2026-04-03 16:06:12,316 [INFO] backend.services.mqtt_listener:64 - ==========================================================================================
2026-04-03 16:06:12,316 [INFO] backend.services.mqtt_listener:64 - SYNC RESPONSE OK | smx-000-001
2026-04-03 16:06:12,316 [INFO] backend.services.mqtt_listener:64 - ------------------------------------------------------------------------------------------
2026-04-03 16:06:12,317 [INFO] backend.services.mqtt_listener:64 - current_file_index=2
2026-04-03 16:06:12,317 [INFO] backend.services.mqtt_listener:64 - talhao_id=13
2026-04-03 16:06:12,318 [INFO] backend.services.mqtt_listener:64 - path=/Raw/26-04-01.txt
2026-04-03 16:06:12,318 [INFO] backend.services.mqtt_listener:64 - offset=1650
2026-04-03 16:06:12,318 [INFO] backend.services.mqtt_listener:64 - count=150
2026-04-03 16:06:12,319 [INFO] backend.services.mqtt_listener:64 - saved=150
2026-04-03 16:06:12,319 [INFO] backend.services.mqtt_listener:64 - has_more=True
2026-04-03 16:06:12,319 [INFO] backend.services.mqtt_listener:64 - next_offset=1800
2026-04-03 16:06:12,320 [INFO] backend.services.mqtt_listener:64 - ==========================================================================================
2026-04-03 16:06:12,320 [INFO] backend.services.mqtt_listener:64 - Solicitando pacote para smx-000-001: path=/Raw/26-04-01.txt offset=1800 limit=150
2026-04-03 16:06:12,321 [INFO] backend.services.mqtt_listener:457 - Mensagem MQTT publicada. topic=/smx-000-001/broker/to/uc mid=46
2026-04-03 16:06:13,551 [INFO] backend.services.mqtt_listener:128 - Mensagem MQTT recebida. topic=/smx-000-001/uc/to/broker
2026-04-03 16:06:14,773 [INFO] backend.services.mqtt_listener:64 - 
2026-04-03 16:06:14,773 [INFO] backend.services.mqtt_listener:64 - ==========================================================================================
2026-04-03 16:06:14,773 [INFO] backend.services.mqtt_listener:64 - SYNC RESPONSE OK | smx-000-001
2026-04-03 16:06:14,774 [INFO] backend.services.mqtt_listener:64 - ------------------------------------------------------------------------------------------
2026-04-03 16:06:14,774 [INFO] backend.services.mqtt_listener:64 - current_file_index=2
2026-04-03 16:06:14,775 [INFO] backend.services.mqtt_listener:64 - talhao_id=13
2026-04-03 16:06:14,775 [INFO] backend.services.mqtt_listener:64 - path=/Raw/26-04-01.txt
2026-04-03 16:06:14,775 [INFO] backend.services.mqtt_listener:64 - offset=1800
2026-04-03 16:06:14,776 [INFO] backend.services.mqtt_listener:64 - count=150
2026-04-03 16:06:14,776 [INFO] backend.services.mqtt_listener:64 - saved=150
2026-04-03 16:06:14,776 [INFO] backend.services.mqtt_listener:64 - has_more=True
2026-04-03 16:06:14,777 [INFO] backend.services.mqtt_listener:64 - next_offset=1950
2026-04-03 16:06:14,777 [INFO] backend.services.mqtt_listener:64 - ==========================================================================================
2026-04-03 16:06:14,778 [INFO] backend.services.mqtt_listener:64 - Solicitando pacote para smx-000-001: path=/Raw/26-04-01.txt offset=1950 limit=150
2026-04-03 16:06:14,779 [INFO] backend.services.mqtt_listener:457 - Mensagem MQTT publicada. topic=/smx-000-001/broker/to/uc mid=47
2026-04-03 16:06:15,804 [INFO] backend.services.mqtt_listener:128 - Mensagem MQTT recebida. topic=/smx-000-001/uc/to/broker
2026-04-03 16:06:17,029 [INFO] backend.services.mqtt_listener:64 - 
2026-04-03 16:06:17,030 [INFO] backend.services.mqtt_listener:64 - ==========================================================================================
2026-04-03 16:06:17,030 [INFO] backend.services.mqtt_listener:64 - SYNC RESPONSE OK | smx-000-001
2026-04-03 16:06:17,030 [INFO] backend.services.mqtt_listener:64 - ------------------------------------------------------------------------------------------
2026-04-03 16:06:17,031 [INFO] backend.services.mqtt_listener:64 - current_file_index=2
2026-04-03 16:06:17,031 [INFO] backend.services.mqtt_listener:64 - talhao_id=13
2026-04-03 16:06:17,032 [INFO] backend.services.mqtt_listener:64 - path=/Raw/26-04-01.txt
2026-04-03 16:06:17,032 [INFO] backend.services.mqtt_listener:64 - offset=1950
2026-04-03 16:06:17,033 [INFO] backend.services.mqtt_listener:64 - count=150
2026-04-03 16:06:17,033 [INFO] backend.services.mqtt_listener:64 - saved=150
2026-04-03 16:06:17,033 [INFO] backend.services.mqtt_listener:64 - has_more=True
2026-04-03 16:06:17,034 [INFO] backend.services.mqtt_listener:64 - next_offset=2100
2026-04-03 16:06:17,034 [INFO] backend.services.mqtt_listener:64 - ==========================================================================================
2026-04-03 16:06:17,035 [INFO] backend.services.mqtt_listener:64 - Solicitando pacote para smx-000-001: path=/Raw/26-04-01.txt offset=2100 limit=150
2026-04-03 16:06:17,036 [INFO] backend.services.mqtt_listener:457 - Mensagem MQTT publicada. topic=/smx-000-001/broker/to/uc mid=48
2026-04-03 16:06:18,158 [INFO] backend.services.mqtt_listener:128 - Mensagem MQTT recebida. topic=/smx-000-001/uc/to/broker
2026-04-03 16:06:19,388 [INFO] backend.services.mqtt_listener:64 - 
2026-04-03 16:06:19,388 [INFO] backend.services.mqtt_listener:64 - ==========================================================================================
2026-04-03 16:06:19,389 [INFO] backend.services.mqtt_listener:64 - SYNC RESPONSE OK | smx-000-001
2026-04-03 16:06:19,389 [INFO] backend.services.mqtt_listener:64 - ------------------------------------------------------------------------------------------
2026-04-03 16:06:19,389 [INFO] backend.services.mqtt_listener:64 - current_file_index=2
2026-04-03 16:06:19,390 [INFO] backend.services.mqtt_listener:64 - talhao_id=13
2026-04-03 16:06:19,390 [INFO] backend.services.mqtt_listener:64 - path=/Raw/26-04-01.txt
2026-04-03 16:06:19,391 [INFO] backend.services.mqtt_listener:64 - offset=2100
2026-04-03 16:06:19,391 [INFO] backend.services.mqtt_listener:64 - count=150
2026-04-03 16:06:19,391 [INFO] backend.services.mqtt_listener:64 - saved=150
2026-04-03 16:06:19,392 [INFO] backend.services.mqtt_listener:64 - has_more=True
2026-04-03 16:06:19,392 [INFO] backend.services.mqtt_listener:64 - next_offset=2250
2026-04-03 16:06:19,393 [INFO] backend.services.mqtt_listener:64 - ==========================================================================================
2026-04-03 16:06:19,393 [INFO] backend.services.mqtt_listener:64 - Solicitando pacote para smx-000-001: path=/Raw/26-04-01.txt offset=2250 limit=150
2026-04-03 16:06:19,394 [INFO] backend.services.mqtt_listener:457 - Mensagem MQTT publicada. topic=/smx-000-001/broker/to/uc mid=49
2026-04-03 16:06:20,513 [INFO] backend.services.mqtt_listener:128 - Mensagem MQTT recebida. topic=/smx-000-001/uc/to/broker
2026-04-03 16:06:21,738 [INFO] backend.services.mqtt_listener:64 - 
2026-04-03 16:06:21,738 [INFO] backend.services.mqtt_listener:64 - ==========================================================================================
2026-04-03 16:06:21,739 [INFO] backend.services.mqtt_listener:64 - SYNC RESPONSE OK | smx-000-001
2026-04-03 16:06:21,739 [INFO] backend.services.mqtt_listener:64 - ------------------------------------------------------------------------------------------
2026-04-03 16:06:21,740 [INFO] backend.services.mqtt_listener:64 - current_file_index=2
2026-04-03 16:06:21,740 [INFO] backend.services.mqtt_listener:64 - talhao_id=13
2026-04-03 16:06:21,740 [INFO] backend.services.mqtt_listener:64 - path=/Raw/26-04-01.txt
2026-04-03 16:06:21,741 [INFO] backend.services.mqtt_listener:64 - offset=2250
2026-04-03 16:06:21,741 [INFO] backend.services.mqtt_listener:64 - count=150
2026-04-03 16:06:21,741 [INFO] backend.services.mqtt_listener:64 - saved=150
2026-04-03 16:06:21,742 [INFO] backend.services.mqtt_listener:64 - has_more=True
2026-04-03 16:06:21,742 [INFO] backend.services.mqtt_listener:64 - next_offset=2400
2026-04-03 16:06:21,743 [INFO] backend.services.mqtt_listener:64 - ==========================================================================================
2026-04-03 16:06:21,743 [INFO] backend.services.mqtt_listener:64 - Solicitando pacote para smx-000-001: path=/Raw/26-04-01.txt offset=2400 limit=150
2026-04-03 16:06:21,744 [INFO] backend.services.mqtt_listener:457 - Mensagem MQTT publicada. topic=/smx-000-001/broker/to/uc mid=50
2026-04-03 16:06:22,866 [INFO] backend.services.mqtt_listener:128 - Mensagem MQTT recebida. topic=/smx-000-001/uc/to/broker
2026-04-03 16:06:24,089 [INFO] backend.services.mqtt_listener:64 - 
2026-04-03 16:06:24,090 [INFO] backend.services.mqtt_listener:64 - ==========================================================================================
2026-04-03 16:06:24,090 [INFO] backend.services.mqtt_listener:64 - SYNC RESPONSE OK | smx-000-001
2026-04-03 16:06:24,091 [INFO] backend.services.mqtt_listener:64 - ------------------------------------------------------------------------------------------
2026-04-03 16:06:24,091 [INFO] backend.services.mqtt_listener:64 - current_file_index=2
2026-04-03 16:06:24,091 [INFO] backend.services.mqtt_listener:64 - talhao_id=13
2026-04-03 16:06:24,092 [INFO] backend.services.mqtt_listener:64 - path=/Raw/26-04-01.txt
2026-04-03 16:06:24,092 [INFO] backend.services.mqtt_listener:64 - offset=2400
2026-04-03 16:06:24,092 [INFO] backend.services.mqtt_listener:64 - count=150
2026-04-03 16:06:24,093 [INFO] backend.services.mqtt_listener:64 - saved=150
2026-04-03 16:06:24,093 [INFO] backend.services.mqtt_listener:64 - has_more=True
2026-04-03 16:06:24,094 [INFO] backend.services.mqtt_listener:64 - next_offset=2550
2026-04-03 16:06:24,094 [INFO] backend.services.mqtt_listener:64 - ==========================================================================================
2026-04-03 16:06:24,095 [INFO] backend.services.mqtt_listener:64 - Solicitando pacote para smx-000-001: path=/Raw/26-04-01.txt offset=2550 limit=150
2026-04-03 16:06:24,095 [INFO] backend.services.mqtt_listener:457 - Mensagem MQTT publicada. topic=/smx-000-001/broker/to/uc mid=51
2026-04-03 16:06:25,222 [INFO] backend.services.mqtt_listener:128 - Mensagem MQTT recebida. topic=/smx-000-001/uc/to/broker
2026-04-03 16:06:26,443 [INFO] backend.services.mqtt_listener:64 - 
2026-04-03 16:06:26,443 [INFO] backend.services.mqtt_listener:64 - ==========================================================================================
2026-04-03 16:06:26,443 [INFO] backend.services.mqtt_listener:64 - SYNC RESPONSE OK | smx-000-001
2026-04-03 16:06:26,444 [INFO] backend.services.mqtt_listener:64 - ------------------------------------------------------------------------------------------
2026-04-03 16:06:26,444 [INFO] backend.services.mqtt_listener:64 - current_file_index=2
2026-04-03 16:06:26,445 [INFO] backend.services.mqtt_listener:64 - talhao_id=13
2026-04-03 16:06:26,445 [INFO] backend.services.mqtt_listener:64 - path=/Raw/26-04-01.txt
2026-04-03 16:06:26,446 [INFO] backend.services.mqtt_listener:64 - offset=2550
2026-04-03 16:06:26,446 [INFO] backend.services.mqtt_listener:64 - count=150
2026-04-03 16:06:26,446 [INFO] backend.services.mqtt_listener:64 - saved=150
2026-04-03 16:06:26,447 [INFO] backend.services.mqtt_listener:64 - has_more=True
2026-04-03 16:06:26,447 [INFO] backend.services.mqtt_listener:64 - next_offset=2700
2026-04-03 16:06:26,447 [INFO] backend.services.mqtt_listener:64 - ==========================================================================================
2026-04-03 16:06:26,448 [INFO] backend.services.mqtt_listener:64 - Solicitando pacote para smx-000-001: path=/Raw/26-04-01.txt offset=2700 limit=150
2026-04-03 16:06:26,449 [INFO] backend.services.mqtt_listener:457 - Mensagem MQTT publicada. topic=/smx-000-001/broker/to/uc mid=52
2026-04-03 16:06:27,682 [INFO] backend.services.mqtt_listener:128 - Mensagem MQTT recebida. topic=/smx-000-001/uc/to/broker
2026-04-03 16:06:28,917 [INFO] backend.services.mqtt_listener:64 - 
2026-04-03 16:06:28,917 [INFO] backend.services.mqtt_listener:64 - ==========================================================================================
2026-04-03 16:06:28,918 [INFO] backend.services.mqtt_listener:64 - SYNC RESPONSE OK | smx-000-001
2026-04-03 16:06:28,919 [INFO] backend.services.mqtt_listener:64 - ------------------------------------------------------------------------------------------
2026-04-03 16:06:28,919 [INFO] backend.services.mqtt_listener:64 - current_file_index=2
2026-04-03 16:06:28,919 [INFO] backend.services.mqtt_listener:64 - talhao_id=13
2026-04-03 16:06:28,920 [INFO] backend.services.mqtt_listener:64 - path=/Raw/26-04-01.txt
2026-04-03 16:06:28,920 [INFO] backend.services.mqtt_listener:64 - offset=2700
2026-04-03 16:06:28,921 [INFO] backend.services.mqtt_listener:64 - count=150
2026-04-03 16:06:28,921 [INFO] backend.services.mqtt_listener:64 - saved=150
2026-04-03 16:06:28,922 [INFO] backend.services.mqtt_listener:64 - has_more=True
2026-04-03 16:06:28,922 [INFO] backend.services.mqtt_listener:64 - next_offset=2850
2026-04-03 16:06:28,923 [INFO] backend.services.mqtt_listener:64 - ==========================================================================================
2026-04-03 16:06:28,923 [INFO] backend.services.mqtt_listener:64 - Solicitando pacote para smx-000-001: path=/Raw/26-04-01.txt offset=2850 limit=150
2026-04-03 16:06:28,924 [INFO] backend.services.mqtt_listener:457 - Mensagem MQTT publicada. topic=/smx-000-001/broker/to/uc mid=53
2026-04-03 16:06:30,037 [INFO] backend.services.mqtt_listener:128 - Mensagem MQTT recebida. topic=/smx-000-001/uc/to/broker
2026-04-03 16:06:31,258 [INFO] backend.services.mqtt_listener:64 - 
2026-04-03 16:06:31,259 [INFO] backend.services.mqtt_listener:64 - ==========================================================================================
2026-04-03 16:06:31,260 [INFO] backend.services.mqtt_listener:64 - SYNC RESPONSE OK | smx-000-001
2026-04-03 16:06:31,263 [INFO] backend.services.mqtt_listener:64 - ------------------------------------------------------------------------------------------
2026-04-03 16:06:31,264 [INFO] backend.services.mqtt_listener:64 - current_file_index=2
2026-04-03 16:06:31,265 [INFO] backend.services.mqtt_listener:64 - talhao_id=13
2026-04-03 16:06:31,265 [INFO] backend.services.mqtt_listener:64 - path=/Raw/26-04-01.txt
2026-04-03 16:06:31,266 [INFO] backend.services.mqtt_listener:64 - offset=2850
2026-04-03 16:06:31,266 [INFO] backend.services.mqtt_listener:64 - count=150
2026-04-03 16:06:31,267 [INFO] backend.services.mqtt_listener:64 - saved=150
2026-04-03 16:06:31,267 [INFO] backend.services.mqtt_listener:64 - has_more=True
2026-04-03 16:06:31,268 [INFO] backend.services.mqtt_listener:64 - next_offset=3000
2026-04-03 16:06:31,269 [INFO] backend.services.mqtt_listener:64 - ==========================================================================================
2026-04-03 16:06:31,270 [INFO] backend.services.mqtt_listener:64 - Solicitando pacote para smx-000-001: path=/Raw/26-04-01.txt offset=3000 limit=150
2026-04-03 16:06:31,270 [INFO] backend.services.mqtt_listener:457 - Mensagem MQTT publicada. topic=/smx-000-001/broker/to/uc mid=54
2026-04-03 16:06:32,399 [INFO] backend.services.mqtt_listener:128 - Mensagem MQTT recebida. topic=/smx-000-001/uc/to/broker
2026-04-03 16:06:33,669 [INFO] backend.services.mqtt_listener:64 - 
2026-04-03 16:06:33,669 [INFO] backend.services.mqtt_listener:64 - ==========================================================================================
2026-04-03 16:06:33,670 [INFO] backend.services.mqtt_listener:64 - SYNC RESPONSE OK | smx-000-001
2026-04-03 16:06:33,670 [INFO] backend.services.mqtt_listener:64 - ------------------------------------------------------------------------------------------
2026-04-03 16:06:33,671 [INFO] backend.services.mqtt_listener:64 - current_file_index=2
2026-04-03 16:06:33,671 [INFO] backend.services.mqtt_listener:64 - talhao_id=13
2026-04-03 16:06:33,672 [INFO] backend.services.mqtt_listener:64 - path=/Raw/26-04-01.txt
2026-04-03 16:06:33,672 [INFO] backend.services.mqtt_listener:64 - offset=3000
2026-04-03 16:06:33,673 [INFO] backend.services.mqtt_listener:64 - count=150
2026-04-03 16:06:33,673 [INFO] backend.services.mqtt_listener:64 - saved=150
2026-04-03 16:06:33,673 [INFO] backend.services.mqtt_listener:64 - has_more=True
2026-04-03 16:06:33,674 [INFO] backend.services.mqtt_listener:64 - next_offset=3150
2026-04-03 16:06:33,674 [INFO] backend.services.mqtt_listener:64 - ==========================================================================================
2026-04-03 16:06:33,675 [INFO] backend.services.mqtt_listener:64 - Solicitando pacote para smx-000-001: path=/Raw/26-04-01.txt offset=3150 limit=150
2026-04-03 16:06:33,675 [INFO] backend.services.mqtt_listener:457 - Mensagem MQTT publicada. topic=/smx-000-001/broker/to/uc mid=55
2026-04-03 16:06:34,746 [INFO] backend.services.mqtt_listener:128 - Mensagem MQTT recebida. topic=/smx-000-001/uc/to/broker
2026-04-03 16:06:35,966 [INFO] backend.services.mqtt_listener:64 - 
2026-04-03 16:06:35,967 [INFO] backend.services.mqtt_listener:64 - ==========================================================================================
2026-04-03 16:06:35,968 [INFO] backend.services.mqtt_listener:64 - SYNC RESPONSE OK | smx-000-001
2026-04-03 16:06:35,968 [INFO] backend.services.mqtt_listener:64 - ------------------------------------------------------------------------------------------
2026-04-03 16:06:35,968 [INFO] backend.services.mqtt_listener:64 - current_file_index=2
2026-04-03 16:06:35,969 [INFO] backend.services.mqtt_listener:64 - talhao_id=13
2026-04-03 16:06:35,969 [INFO] backend.services.mqtt_listener:64 - path=/Raw/26-04-01.txt
2026-04-03 16:06:35,970 [INFO] backend.services.mqtt_listener:64 - offset=3150
2026-04-03 16:06:35,970 [INFO] backend.services.mqtt_listener:64 - count=150
2026-04-03 16:06:35,970 [INFO] backend.services.mqtt_listener:64 - saved=150
2026-04-03 16:06:35,971 [INFO] backend.services.mqtt_listener:64 - has_more=True
2026-04-03 16:06:35,971 [INFO] backend.services.mqtt_listener:64 - next_offset=3300
2026-04-03 16:06:35,971 [INFO] backend.services.mqtt_listener:64 - ==========================================================================================
2026-04-03 16:06:35,972 [INFO] backend.services.mqtt_listener:64 - Solicitando pacote para smx-000-001: path=/Raw/26-04-01.txt offset=3300 limit=150
2026-04-03 16:06:35,973 [INFO] backend.services.mqtt_listener:457 - Mensagem MQTT publicada. topic=/smx-000-001/broker/to/uc mid=56
2026-04-03 16:06:37,110 [INFO] backend.services.mqtt_listener:128 - Mensagem MQTT recebida. topic=/smx-000-001/uc/to/broker
2026-04-03 16:06:38,339 [INFO] backend.services.mqtt_listener:64 - 
2026-04-03 16:06:38,340 [INFO] backend.services.mqtt_listener:64 - ==========================================================================================
2026-04-03 16:06:38,341 [INFO] backend.services.mqtt_listener:64 - SYNC RESPONSE OK | smx-000-001
2026-04-03 16:06:38,341 [INFO] backend.services.mqtt_listener:64 - ------------------------------------------------------------------------------------------
2026-04-03 16:06:38,342 [INFO] backend.services.mqtt_listener:64 - current_file_index=2
2026-04-03 16:06:38,342 [INFO] backend.services.mqtt_listener:64 - talhao_id=13
2026-04-03 16:06:38,342 [INFO] backend.services.mqtt_listener:64 - path=/Raw/26-04-01.txt
2026-04-03 16:06:38,343 [INFO] backend.services.mqtt_listener:64 - offset=3300
2026-04-03 16:06:38,343 [INFO] backend.services.mqtt_listener:64 - count=150
2026-04-03 16:06:38,344 [INFO] backend.services.mqtt_listener:64 - saved=150
2026-04-03 16:06:38,344 [INFO] backend.services.mqtt_listener:64 - has_more=True
2026-04-03 16:06:38,344 [INFO] backend.services.mqtt_listener:64 - next_offset=3450
2026-04-03 16:06:38,345 [INFO] backend.services.mqtt_listener:64 - ==========================================================================================
2026-04-03 16:06:38,346 [INFO] backend.services.mqtt_listener:64 - Solicitando pacote para smx-000-001: path=/Raw/26-04-01.txt offset=3450 limit=150
2026-04-03 16:06:38,349 [INFO] backend.services.mqtt_listener:457 - Mensagem MQTT publicada. topic=/smx-000-001/broker/to/uc mid=57
2026-04-03 16:06:39,459 [INFO] backend.services.mqtt_listener:128 - Mensagem MQTT recebida. topic=/smx-000-001/uc/to/broker
2026-04-03 16:06:40,686 [INFO] backend.services.mqtt_listener:64 - 
2026-04-03 16:06:40,686 [INFO] backend.services.mqtt_listener:64 - ==========================================================================================
2026-04-03 16:06:40,687 [INFO] backend.services.mqtt_listener:64 - SYNC RESPONSE OK | smx-000-001
2026-04-03 16:06:40,687 [INFO] backend.services.mqtt_listener:64 - ------------------------------------------------------------------------------------------
2026-04-03 16:06:40,688 [INFO] backend.services.mqtt_listener:64 - current_file_index=2
2026-04-03 16:06:40,688 [INFO] backend.services.mqtt_listener:64 - talhao_id=13
2026-04-03 16:06:40,689 [INFO] backend.services.mqtt_listener:64 - path=/Raw/26-04-01.txt
2026-04-03 16:06:40,689 [INFO] backend.services.mqtt_listener:64 - offset=3450
2026-04-03 16:06:40,689 [INFO] backend.services.mqtt_listener:64 - count=150
2026-04-03 16:06:40,690 [INFO] backend.services.mqtt_listener:64 - saved=150
2026-04-03 16:06:40,690 [INFO] backend.services.mqtt_listener:64 - has_more=True
2026-04-03 16:06:40,691 [INFO] backend.services.mqtt_listener:64 - next_offset=3600
2026-04-03 16:06:40,691 [INFO] backend.services.mqtt_listener:64 - ==========================================================================================
2026-04-03 16:06:40,692 [INFO] backend.services.mqtt_listener:64 - Solicitando pacote para smx-000-001: path=/Raw/26-04-01.txt offset=3600 limit=150
2026-04-03 16:06:40,693 [INFO] backend.services.mqtt_listener:457 - Mensagem MQTT publicada. topic=/smx-000-001/broker/to/uc mid=58
2026-04-03 16:06:41,812 [INFO] backend.services.mqtt_listener:128 - Mensagem MQTT recebida. topic=/smx-000-001/uc/to/broker
2026-04-03 16:06:43,039 [INFO] backend.services.mqtt_listener:64 - 
2026-04-03 16:06:43,040 [INFO] backend.services.mqtt_listener:64 - ==========================================================================================
2026-04-03 16:06:43,040 [INFO] backend.services.mqtt_listener:64 - SYNC RESPONSE OK | smx-000-001
2026-04-03 16:06:43,040 [INFO] backend.services.mqtt_listener:64 - ------------------------------------------------------------------------------------------
2026-04-03 16:06:43,041 [INFO] backend.services.mqtt_listener:64 - current_file_index=2
2026-04-03 16:06:43,041 [INFO] backend.services.mqtt_listener:64 - talhao_id=13
2026-04-03 16:06:43,041 [INFO] backend.services.mqtt_listener:64 - path=/Raw/26-04-01.txt
2026-04-03 16:06:43,042 [INFO] backend.services.mqtt_listener:64 - offset=3600
2026-04-03 16:06:43,042 [INFO] backend.services.mqtt_listener:64 - count=150
2026-04-03 16:06:43,043 [INFO] backend.services.mqtt_listener:64 - saved=150
2026-04-03 16:06:43,043 [INFO] backend.services.mqtt_listener:64 - has_more=True
2026-04-03 16:06:43,044 [INFO] backend.services.mqtt_listener:64 - next_offset=3750
2026-04-03 16:06:43,044 [INFO] backend.services.mqtt_listener:64 - ==========================================================================================
2026-04-03 16:06:43,045 [INFO] backend.services.mqtt_listener:64 - Solicitando pacote para smx-000-001: path=/Raw/26-04-01.txt offset=3750 limit=150
2026-04-03 16:06:43,045 [INFO] backend.services.mqtt_listener:457 - Mensagem MQTT publicada. topic=/smx-000-001/broker/to/uc mid=59
2026-04-03 16:06:44,273 [INFO] backend.services.mqtt_listener:128 - Mensagem MQTT recebida. topic=/smx-000-001/uc/to/broker
2026-04-03 16:06:45,494 [INFO] backend.services.mqtt_listener:64 - 
2026-04-03 16:06:45,494 [INFO] backend.services.mqtt_listener:64 - ==========================================================================================
2026-04-03 16:06:45,495 [INFO] backend.services.mqtt_listener:64 - SYNC RESPONSE OK | smx-000-001
2026-04-03 16:06:45,495 [INFO] backend.services.mqtt_listener:64 - ------------------------------------------------------------------------------------------
2026-04-03 16:06:45,495 [INFO] backend.services.mqtt_listener:64 - current_file_index=2
2026-04-03 16:06:45,496 [INFO] backend.services.mqtt_listener:64 - talhao_id=13
2026-04-03 16:06:45,496 [INFO] backend.services.mqtt_listener:64 - path=/Raw/26-04-01.txt
2026-04-03 16:06:45,497 [INFO] backend.services.mqtt_listener:64 - offset=3750
2026-04-03 16:06:45,497 [INFO] backend.services.mqtt_listener:64 - count=150
2026-04-03 16:06:45,497 [INFO] backend.services.mqtt_listener:64 - saved=150
2026-04-03 16:06:45,498 [INFO] backend.services.mqtt_listener:64 - has_more=True
2026-04-03 16:06:45,498 [INFO] backend.services.mqtt_listener:64 - next_offset=3900
2026-04-03 16:06:45,498 [INFO] backend.services.mqtt_listener:64 - ==========================================================================================
2026-04-03 16:06:45,499 [INFO] backend.services.mqtt_listener:64 - Solicitando pacote para smx-000-001: path=/Raw/26-04-01.txt offset=3900 limit=150
2026-04-03 16:06:45,500 [INFO] backend.services.mqtt_listener:457 - Mensagem MQTT publicada. topic=/smx-000-001/broker/to/uc mid=60
2026-04-03 16:06:46,625 [INFO] backend.services.mqtt_listener:128 - Mensagem MQTT recebida. topic=/smx-000-001/uc/to/broker
2026-04-03 16:06:47,853 [INFO] backend.services.mqtt_listener:64 - 
2026-04-03 16:06:47,854 [INFO] backend.services.mqtt_listener:64 - ==========================================================================================
2026-04-03 16:06:47,854 [INFO] backend.services.mqtt_listener:64 - SYNC RESPONSE OK | smx-000-001
2026-04-03 16:06:47,854 [INFO] backend.services.mqtt_listener:64 - ------------------------------------------------------------------------------------------
2026-04-03 16:06:47,855 [INFO] backend.services.mqtt_listener:64 - current_file_index=2
2026-04-03 16:06:47,855 [INFO] backend.services.mqtt_listener:64 - talhao_id=13
2026-04-03 16:06:47,856 [INFO] backend.services.mqtt_listener:64 - path=/Raw/26-04-01.txt
2026-04-03 16:06:47,856 [INFO] backend.services.mqtt_listener:64 - offset=3900
2026-04-03 16:06:47,856 [INFO] backend.services.mqtt_listener:64 - count=150
2026-04-03 16:06:47,857 [INFO] backend.services.mqtt_listener:64 - saved=150
2026-04-03 16:06:47,857 [INFO] backend.services.mqtt_listener:64 - has_more=True
2026-04-03 16:06:47,858 [INFO] backend.services.mqtt_listener:64 - next_offset=4050
2026-04-03 16:06:47,858 [INFO] backend.services.mqtt_listener:64 - ==========================================================================================
2026-04-03 16:06:47,859 [INFO] backend.services.mqtt_listener:64 - Solicitando pacote para smx-000-001: path=/Raw/26-04-01.txt offset=4050 limit=150
2026-04-03 16:06:47,859 [INFO] backend.services.mqtt_listener:457 - Mensagem MQTT publicada. topic=/smx-000-001/broker/to/uc mid=61
2026-04-03 16:06:48,980 [INFO] backend.services.mqtt_listener:128 - Mensagem MQTT recebida. topic=/smx-000-001/uc/to/broker
2026-04-03 16:06:50,199 [INFO] backend.services.mqtt_listener:64 - 
2026-04-03 16:06:50,200 [INFO] backend.services.mqtt_listener:64 - ==========================================================================================
2026-04-03 16:06:50,200 [INFO] backend.services.mqtt_listener:64 - SYNC RESPONSE OK | smx-000-001
2026-04-03 16:06:50,200 [INFO] backend.services.mqtt_listener:64 - ------------------------------------------------------------------------------------------
2026-04-03 16:06:50,201 [INFO] backend.services.mqtt_listener:64 - current_file_index=2
2026-04-03 16:06:50,201 [INFO] backend.services.mqtt_listener:64 - talhao_id=13
2026-04-03 16:06:50,201 [INFO] backend.services.mqtt_listener:64 - path=/Raw/26-04-01.txt
2026-04-03 16:06:50,202 [INFO] backend.services.mqtt_listener:64 - offset=4050
2026-04-03 16:06:50,202 [INFO] backend.services.mqtt_listener:64 - count=150
2026-04-03 16:06:50,202 [INFO] backend.services.mqtt_listener:64 - saved=150
2026-04-03 16:06:50,203 [INFO] backend.services.mqtt_listener:64 - has_more=True
2026-04-03 16:06:50,203 [INFO] backend.services.mqtt_listener:64 - next_offset=4200
2026-04-03 16:06:50,203 [INFO] backend.services.mqtt_listener:64 - ==========================================================================================
2026-04-03 16:06:50,204 [INFO] backend.services.mqtt_listener:64 - Solicitando pacote para smx-000-001: path=/Raw/26-04-01.txt offset=4200 limit=150
2026-04-03 16:06:50,204 [INFO] backend.services.mqtt_listener:457 - Mensagem MQTT publicada. topic=/smx-000-001/broker/to/uc mid=62
2026-04-03 16:06:51,340 [INFO] backend.services.mqtt_listener:128 - Mensagem MQTT recebida. topic=/smx-000-001/uc/to/broker
2026-04-03 16:06:52,564 [INFO] backend.services.mqtt_listener:64 - 
2026-04-03 16:06:52,570 [INFO] backend.services.mqtt_listener:64 - ==========================================================================================
2026-04-03 16:06:52,570 [INFO] backend.services.mqtt_listener:64 - SYNC RESPONSE OK | smx-000-001
2026-04-03 16:06:52,571 [INFO] backend.services.mqtt_listener:64 - ------------------------------------------------------------------------------------------
2026-04-03 16:06:52,584 [INFO] backend.services.mqtt_listener:64 - current_file_index=2
2026-04-03 16:06:52,585 [INFO] backend.services.mqtt_listener:64 - talhao_id=13
2026-04-03 16:06:52,585 [INFO] backend.services.mqtt_listener:64 - path=/Raw/26-04-01.txt
2026-04-03 16:06:52,586 [INFO] backend.services.mqtt_listener:64 - offset=4200
2026-04-03 16:06:52,586 [INFO] backend.services.mqtt_listener:64 - count=150
2026-04-03 16:06:52,588 [INFO] backend.services.mqtt_listener:64 - saved=150
2026-04-03 16:06:52,593 [INFO] backend.services.mqtt_listener:64 - has_more=True
2026-04-03 16:06:52,595 [INFO] backend.services.mqtt_listener:64 - next_offset=4350
2026-04-03 16:06:52,596 [INFO] backend.services.mqtt_listener:64 - ==========================================================================================
2026-04-03 16:06:52,597 [INFO] backend.services.mqtt_listener:64 - Solicitando pacote para smx-000-001: path=/Raw/26-04-01.txt offset=4350 limit=150
2026-04-03 16:06:52,598 [INFO] backend.services.mqtt_listener:457 - Mensagem MQTT publicada. topic=/smx-000-001/broker/to/uc mid=63
2026-04-03 16:06:53,690 [INFO] backend.services.mqtt_listener:128 - Mensagem MQTT recebida. topic=/smx-000-001/uc/to/broker
2026-04-03 16:06:54,937 [INFO] backend.services.mqtt_listener:64 - 
2026-04-03 16:06:54,937 [INFO] backend.services.mqtt_listener:64 - ==========================================================================================
2026-04-03 16:06:54,938 [INFO] backend.services.mqtt_listener:64 - SYNC RESPONSE OK | smx-000-001
2026-04-03 16:06:54,938 [INFO] backend.services.mqtt_listener:64 - ------------------------------------------------------------------------------------------
2026-04-03 16:06:54,939 [INFO] backend.services.mqtt_listener:64 - current_file_index=2
2026-04-03 16:06:54,939 [INFO] backend.services.mqtt_listener:64 - talhao_id=13
2026-04-03 16:06:54,940 [INFO] backend.services.mqtt_listener:64 - path=/Raw/26-04-01.txt
2026-04-03 16:06:54,940 [INFO] backend.services.mqtt_listener:64 - offset=4350
2026-04-03 16:06:54,940 [INFO] backend.services.mqtt_listener:64 - count=150
2026-04-03 16:06:54,941 [INFO] backend.services.mqtt_listener:64 - saved=150
2026-04-03 16:06:54,941 [INFO] backend.services.mqtt_listener:64 - has_more=True
2026-04-03 16:06:54,942 [INFO] backend.services.mqtt_listener:64 - next_offset=4500
2026-04-03 16:06:54,942 [INFO] backend.services.mqtt_listener:64 - ==========================================================================================
2026-04-03 16:06:54,943 [INFO] backend.services.mqtt_listener:64 - Solicitando pacote para smx-000-001: path=/Raw/26-04-01.txt offset=4500 limit=150
2026-04-03 16:06:54,944 [INFO] backend.services.mqtt_listener:457 - Mensagem MQTT publicada. topic=/smx-000-001/broker/to/uc mid=64
2026-04-03 16:06:56,150 [INFO] backend.services.mqtt_listener:128 - Mensagem MQTT recebida. topic=/smx-000-001/uc/to/broker
2026-04-03 16:06:57,373 [INFO] backend.services.mqtt_listener:64 - 
2026-04-03 16:06:57,374 [INFO] backend.services.mqtt_listener:64 - ==========================================================================================
2026-04-03 16:06:57,374 [INFO] backend.services.mqtt_listener:64 - SYNC RESPONSE OK | smx-000-001
2026-04-03 16:06:57,374 [INFO] backend.services.mqtt_listener:64 - ------------------------------------------------------------------------------------------
2026-04-03 16:06:57,375 [INFO] backend.services.mqtt_listener:64 - current_file_index=2
2026-04-03 16:06:57,375 [INFO] backend.services.mqtt_listener:64 - talhao_id=13
2026-04-03 16:06:57,376 [INFO] backend.services.mqtt_listener:64 - path=/Raw/26-04-01.txt
2026-04-03 16:06:57,376 [INFO] backend.services.mqtt_listener:64 - offset=4500
2026-04-03 16:06:57,377 [INFO] backend.services.mqtt_listener:64 - count=150
2026-04-03 16:06:57,377 [INFO] backend.services.mqtt_listener:64 - saved=150
2026-04-03 16:06:57,377 [INFO] backend.services.mqtt_listener:64 - has_more=True
2026-04-03 16:06:57,378 [INFO] backend.services.mqtt_listener:64 - next_offset=4650
2026-04-03 16:06:57,378 [INFO] backend.services.mqtt_listener:64 - ==========================================================================================
2026-04-03 16:06:57,379 [INFO] backend.services.mqtt_listener:64 - Solicitando pacote para smx-000-001: path=/Raw/26-04-01.txt offset=4650 limit=150
2026-04-03 16:06:57,379 [INFO] backend.services.mqtt_listener:457 - Mensagem MQTT publicada. topic=/smx-000-001/broker/to/uc mid=65
2026-04-03 16:06:58,197 [INFO] backend.services.mqtt_listener:128 - Mensagem MQTT recebida. topic=/smx-000-001/uc/to/broker
2026-04-03 16:06:59,415 [INFO] backend.services.mqtt_listener:64 - 
2026-04-03 16:06:59,415 [INFO] backend.services.mqtt_listener:64 - ==========================================================================================
2026-04-03 16:06:59,416 [INFO] backend.services.mqtt_listener:64 - SYNC RESPONSE OK | smx-000-001
2026-04-03 16:06:59,416 [INFO] backend.services.mqtt_listener:64 - ------------------------------------------------------------------------------------------
2026-04-03 16:06:59,417 [INFO] backend.services.mqtt_listener:64 - current_file_index=2
2026-04-03 16:06:59,417 [INFO] backend.services.mqtt_listener:64 - talhao_id=13
2026-04-03 16:06:59,418 [INFO] backend.services.mqtt_listener:64 - path=/Raw/26-04-01.txt
2026-04-03 16:06:59,418 [INFO] backend.services.mqtt_listener:64 - offset=4650
2026-04-03 16:06:59,418 [INFO] backend.services.mqtt_listener:64 - count=71
2026-04-03 16:06:59,419 [INFO] backend.services.mqtt_listener:64 - saved=71
2026-04-03 16:06:59,419 [INFO] backend.services.mqtt_listener:64 - has_more=False
2026-04-03 16:06:59,419 [INFO] backend.services.mqtt_listener:64 - next_offset=4721
2026-04-03 16:06:59,420 [INFO] backend.services.mqtt_listener:64 - ==========================================================================================
2026-04-03 16:06:59,421 [INFO] backend.services.mqtt_listener:64 - 
2026-04-03 16:06:59,421 [INFO] backend.services.mqtt_listener:64 - ==========================================================================================
2026-04-03 16:06:59,422 [INFO] backend.services.mqtt_listener:64 - SYNC FILE DONE | smx-000-001
2026-04-03 16:06:59,422 [INFO] backend.services.mqtt_listener:64 - ------------------------------------------------------------------------------------------
2026-04-03 16:06:59,423 [INFO] backend.services.mqtt_listener:64 - Arquivo concluido: /Raw/26-04-01.txt
2026-04-03 16:06:59,423 [INFO] backend.services.mqtt_listener:64 - current_file_index antes do incremento=2
2026-04-03 16:06:59,424 [INFO] backend.services.mqtt_listener:64 - Proximo passo real esperado: avisar UC para excluir o arquivo.
2026-04-03 16:06:59,424 [INFO] backend.services.mqtt_listener:64 - ==========================================================================================
2026-04-03 16:06:59,425 [INFO] backend.services.mqtt_listener:64 - 
2026-04-03 16:06:59,426 [INFO] backend.services.mqtt_listener:64 - ==========================================================================================
2026-04-03 16:06:59,426 [INFO] backend.services.mqtt_listener:64 - SYNC NEXT FILE | smx-000-001
2026-04-03 16:06:59,427 [INFO] backend.services.mqtt_listener:64 - ------------------------------------------------------------------------------------------
2026-04-03 16:06:59,427 [INFO] backend.services.mqtt_listener:64 - current_file_index depois do incremento=3
2026-04-03 16:06:59,427 [INFO] backend.services.mqtt_listener:64 - ==========================================================================================
2026-04-03 16:06:59,428 [INFO] backend.services.mqtt_listener:64 - 
2026-04-03 16:06:59,429 [INFO] backend.services.mqtt_listener:64 - ==========================================================================================
2026-04-03 16:06:59,429 [INFO] backend.services.mqtt_listener:64 - SYNC REQUEST NEXT | smx-000-001
2026-04-03 16:06:59,430 [INFO] backend.services.mqtt_listener:64 - ------------------------------------------------------------------------------------------
2026-04-03 16:06:59,434 [INFO] backend.services.mqtt_listener:64 - current_file_index=3
2026-04-03 16:06:59,435 [INFO] backend.services.mqtt_listener:64 - path=/Raw/26-00-01.txt
2026-04-03 16:06:59,436 [INFO] backend.services.mqtt_listener:64 - registers=120
2026-04-03 16:06:59,436 [INFO] backend.services.mqtt_listener:64 - offset=0
2026-04-03 16:06:59,436 [INFO] backend.services.mqtt_listener:64 - limit=150
2026-04-03 16:06:59,437 [INFO] backend.services.mqtt_listener:64 - ==========================================================================================
2026-04-03 16:06:59,438 [INFO] backend.services.mqtt_listener:64 - Solicitando pacote para smx-000-001: path=/Raw/26-00-01.txt offset=0 limit=150
2026-04-03 16:06:59,438 [INFO] backend.services.mqtt_listener:457 - Mensagem MQTT publicada. topic=/smx-000-001/broker/to/uc mid=66
2026-04-03 16:07:00,448 [INFO] backend.services.mqtt_listener:128 - Mensagem MQTT recebida. topic=/smx-000-001/uc/to/broker
2026-04-03 16:07:01,963 [INFO] backend.services.mqtt_listener:64 - 
2026-04-03 16:07:01,963 [INFO] backend.services.mqtt_listener:64 - ==========================================================================================
2026-04-03 16:07:01,964 [INFO] backend.services.mqtt_listener:64 - SYNC RESPONSE OK | smx-000-001
2026-04-03 16:07:01,964 [INFO] backend.services.mqtt_listener:64 - ------------------------------------------------------------------------------------------
2026-04-03 16:07:01,965 [INFO] backend.services.mqtt_listener:64 - current_file_index=3
2026-04-03 16:07:01,965 [INFO] backend.services.mqtt_listener:64 - talhao_id=14
2026-04-03 16:07:01,965 [INFO] backend.services.mqtt_listener:64 - path=/Raw/26-00-01.txt
2026-04-03 16:07:01,966 [INFO] backend.services.mqtt_listener:64 - offset=0
2026-04-03 16:07:01,966 [INFO] backend.services.mqtt_listener:64 - count=120
2026-04-03 16:07:01,967 [INFO] backend.services.mqtt_listener:64 - saved=120
2026-04-03 16:07:01,967 [INFO] backend.services.mqtt_listener:64 - has_more=False
2026-04-03 16:07:01,968 [INFO] backend.services.mqtt_listener:64 - next_offset=120
2026-04-03 16:07:01,968 [INFO] backend.services.mqtt_listener:64 - ==========================================================================================
2026-04-03 16:07:01,969 [INFO] backend.services.mqtt_listener:64 - 
2026-04-03 16:07:01,970 [INFO] backend.services.mqtt_listener:64 - ==========================================================================================
2026-04-03 16:07:01,970 [INFO] backend.services.mqtt_listener:64 - SYNC FILE DONE | smx-000-001
2026-04-03 16:07:01,971 [INFO] backend.services.mqtt_listener:64 - ------------------------------------------------------------------------------------------
2026-04-03 16:07:01,971 [INFO] backend.services.mqtt_listener:64 - Arquivo concluido: /Raw/26-00-01.txt
2026-04-03 16:07:01,971 [INFO] backend.services.mqtt_listener:64 - current_file_index antes do incremento=3
2026-04-03 16:07:01,972 [INFO] backend.services.mqtt_listener:64 - Proximo passo real esperado: avisar UC para excluir o arquivo.
2026-04-03 16:07:01,976 [INFO] backend.services.mqtt_listener:64 - ==========================================================================================
2026-04-03 16:07:01,977 [INFO] backend.services.mqtt_listener:64 - 
2026-04-03 16:07:01,977 [INFO] backend.services.mqtt_listener:64 - ==========================================================================================
2026-04-03 16:07:01,978 [INFO] backend.services.mqtt_listener:64 - SYNC NEXT FILE | smx-000-001
2026-04-03 16:07:01,978 [INFO] backend.services.mqtt_listener:64 - ------------------------------------------------------------------------------------------
2026-04-03 16:07:01,979 [INFO] backend.services.mqtt_listener:64 - current_file_index depois do incremento=4
2026-04-03 16:07:01,979 [INFO] backend.services.mqtt_listener:64 - ==========================================================================================
2026-04-03 16:07:01,980 [INFO] backend.services.mqtt_listener:64 - 
2026-04-03 16:07:01,981 [INFO] backend.services.mqtt_listener:64 - ==========================================================================================
2026-04-03 16:07:01,981 [INFO] backend.services.mqtt_listener:64 - SYNC REQUEST NEXT | smx-000-001
2026-04-03 16:07:01,982 [INFO] backend.services.mqtt_listener:64 - ------------------------------------------------------------------------------------------
2026-04-03 16:07:01,982 [INFO] backend.services.mqtt_listener:64 - current_file_index=4
2026-04-03 16:07:01,982 [INFO] backend.services.mqtt_listener:64 - path=/Raw/26-04-02.txt
2026-04-03 16:07:01,983 [INFO] backend.services.mqtt_listener:64 - registers=273
2026-04-03 16:07:01,983 [INFO] backend.services.mqtt_listener:64 - offset=0
2026-04-03 16:07:01,984 [INFO] backend.services.mqtt_listener:64 - limit=150
2026-04-03 16:07:01,984 [INFO] backend.services.mqtt_listener:64 - ==========================================================================================
2026-04-03 16:07:01,985 [INFO] backend.services.mqtt_listener:64 - Solicitando pacote para smx-000-001: path=/Raw/26-04-02.txt offset=0 limit=150
2026-04-03 16:07:01,986 [INFO] backend.services.mqtt_listener:457 - Mensagem MQTT publicada. topic=/smx-000-001/broker/to/uc mid=67
2026-04-03 16:07:03,114 [INFO] backend.services.mqtt_listener:128 - Mensagem MQTT recebida. topic=/smx-000-001/uc/to/broker
2026-04-03 16:07:04,641 [INFO] backend.services.mqtt_listener:64 - 
2026-04-03 16:07:04,642 [INFO] backend.services.mqtt_listener:64 - ==========================================================================================
2026-04-03 16:07:04,642 [INFO] backend.services.mqtt_listener:64 - SYNC RESPONSE OK | smx-000-001
2026-04-03 16:07:04,642 [INFO] backend.services.mqtt_listener:64 - ------------------------------------------------------------------------------------------
2026-04-03 16:07:04,642 [INFO] backend.services.mqtt_listener:64 - current_file_index=4
2026-04-03 16:07:04,642 [INFO] backend.services.mqtt_listener:64 - talhao_id=15
2026-04-03 16:07:04,643 [INFO] backend.services.mqtt_listener:64 - path=/Raw/26-04-02.txt
2026-04-03 16:07:04,643 [INFO] backend.services.mqtt_listener:64 - offset=0
2026-04-03 16:07:04,643 [INFO] backend.services.mqtt_listener:64 - count=150
2026-04-03 16:07:04,643 [INFO] backend.services.mqtt_listener:64 - saved=150
2026-04-03 16:07:04,643 [INFO] backend.services.mqtt_listener:64 - has_more=True
2026-04-03 16:07:04,643 [INFO] backend.services.mqtt_listener:64 - next_offset=150
2026-04-03 16:07:04,643 [INFO] backend.services.mqtt_listener:64 - ==========================================================================================
2026-04-03 16:07:04,644 [INFO] backend.services.mqtt_listener:64 - Solicitando pacote para smx-000-001: path=/Raw/26-04-02.txt offset=150 limit=150
2026-04-03 16:07:04,644 [INFO] backend.services.mqtt_listener:457 - Mensagem MQTT publicada. topic=/smx-000-001/broker/to/uc mid=68
2026-04-03 16:07:05,675 [INFO] backend.services.mqtt_listener:128 - Mensagem MQTT recebida. topic=/smx-000-001/uc/to/broker
2026-04-03 16:07:06,895 [INFO] backend.services.mqtt_listener:64 - 
2026-04-03 16:07:06,895 [INFO] backend.services.mqtt_listener:64 - ==========================================================================================
2026-04-03 16:07:06,895 [INFO] backend.services.mqtt_listener:64 - SYNC RESPONSE OK | smx-000-001
2026-04-03 16:07:06,895 [INFO] backend.services.mqtt_listener:64 - ------------------------------------------------------------------------------------------
2026-04-03 16:07:06,896 [INFO] backend.services.mqtt_listener:64 - current_file_index=4
2026-04-03 16:07:06,896 [INFO] backend.services.mqtt_listener:64 - talhao_id=15
2026-04-03 16:07:06,896 [INFO] backend.services.mqtt_listener:64 - path=/Raw/26-04-02.txt
2026-04-03 16:07:06,896 [INFO] backend.services.mqtt_listener:64 - offset=150
2026-04-03 16:07:06,896 [INFO] backend.services.mqtt_listener:64 - count=123
2026-04-03 16:07:06,896 [INFO] backend.services.mqtt_listener:64 - saved=123
2026-04-03 16:07:06,897 [INFO] backend.services.mqtt_listener:64 - has_more=False
2026-04-03 16:07:06,897 [INFO] backend.services.mqtt_listener:64 - next_offset=273
2026-04-03 16:07:06,897 [INFO] backend.services.mqtt_listener:64 - ==========================================================================================
2026-04-03 16:07:06,897 [INFO] backend.services.mqtt_listener:64 - 
2026-04-03 16:07:06,897 [INFO] backend.services.mqtt_listener:64 - ==========================================================================================
2026-04-03 16:07:06,898 [INFO] backend.services.mqtt_listener:64 - SYNC FILE DONE | smx-000-001
2026-04-03 16:07:06,898 [INFO] backend.services.mqtt_listener:64 - ------------------------------------------------------------------------------------------
2026-04-03 16:07:06,898 [INFO] backend.services.mqtt_listener:64 - Arquivo concluido: /Raw/26-04-02.txt
2026-04-03 16:07:06,898 [INFO] backend.services.mqtt_listener:64 - current_file_index antes do incremento=4
2026-04-03 16:07:06,898 [INFO] backend.services.mqtt_listener:64 - Proximo passo real esperado: avisar UC para excluir o arquivo.
2026-04-03 16:07:06,898 [INFO] backend.services.mqtt_listener:64 - ==========================================================================================
2026-04-03 16:07:06,899 [INFO] backend.services.mqtt_listener:64 - 
2026-04-03 16:07:06,899 [INFO] backend.services.mqtt_listener:64 - ==========================================================================================
2026-04-03 16:07:06,899 [INFO] backend.services.mqtt_listener:64 - SYNC NEXT FILE | smx-000-001
2026-04-03 16:07:06,899 [INFO] backend.services.mqtt_listener:64 - ------------------------------------------------------------------------------------------
2026-04-03 16:07:06,899 [INFO] backend.services.mqtt_listener:64 - current_file_index depois do incremento=5
2026-04-03 16:07:06,900 [INFO] backend.services.mqtt_listener:64 - ==========================================================================================
2026-04-03 16:07:06,900 [INFO] backend.services.mqtt_listener:64 - 
2026-04-03 16:07:06,900 [INFO] backend.services.mqtt_listener:64 - ==========================================================================================
2026-04-03 16:07:06,900 [INFO] backend.services.mqtt_listener:64 - SYNC FINISHED | smx-000-001
2026-04-03 16:07:06,900 [INFO] backend.services.mqtt_listener:64 - ------------------------------------------------------------------------------------------
2026-04-03 16:07:06,900 [INFO] backend.services.mqtt_listener:64 - Nenhum arquivo pendente.
2026-04-03 16:07:06,900 [INFO] backend.services.mqtt_listener:64 - current_file_index=5
2026-04-03 16:07:06,901 [INFO] backend.services.mqtt_listener:64 - total_files=5
2026-04-03 16:07:06,901 [INFO] backend.services.mqtt_listener:64 - ==========================================================================================
2026-04-03 16:18:39,844 [INFO] django.server:161 - "GET /gestao/login HTTP/1.1" 301 0
2026-04-03 16:18:40,380 [INFO] django.server:161 - "GET /gestao/login/ HTTP/1.1" 200 6268
2026-04-03 16:18:40,510 [INFO] django.server:161 - "GET /static/backend/vendor/bootstrap-icons/bootstrap-icons.css HTTP/1.1" 200 95715
2026-04-03 16:18:40,515 [INFO] django.server:161 - "GET /static/backend/vendor/bootstrap/css/bootstrap.min.css HTTP/1.1" 200 232860
2026-04-03 16:18:40,516 [INFO] django.server:161 - "GET /static/backend/vendor/boxicons/css/boxicons.min.css HTTP/1.1" 200 68028
2026-04-03 16:18:40,521 [INFO] django.server:161 - "GET /static/backend/vendor/quill/quill.snow.css HTTP/1.1" 200 25688
2026-04-03 16:18:40,526 [INFO] django.server:161 - "GET /static/backend/vendor/quill/quill.bubble.css HTTP/1.1" 200 26225
2026-04-03 16:18:40,531 [INFO] django.server:161 - "GET /static/backend/vendor/simple-datatables/style.css HTTP/1.1" 200 5106
2026-04-03 16:18:40,534 [INFO] django.server:161 - "GET /static/backend/vendor/remixicon/remixicon.css HTTP/1.1" 200 125964
2026-04-03 16:18:40,539 [INFO] django.server:161 - "GET /static/backend/node_modules/jquery-toast-plugin/src/jquery.toast.css HTTP/1.1" 200 4913
2026-04-03 16:18:40,540 [INFO] django.server:161 - "GET /static/backend/css/style.css HTTP/1.1" 200 23100
2026-04-03 16:18:40,549 [INFO] django.server:161 - "GET /static/backend/node_modules/jquery-toast-plugin/src/jquery.toast.js HTTP/1.1" 200 13428
2026-04-03 16:18:40,550 [INFO] django.server:161 - "GET /static/backend/node_modules/jquery/dist/jquery.min.js HTTP/1.1" 200 87535
2026-04-03 16:18:40,553 [INFO] django.server:161 - "GET /static/backend/img/logo_smainex.png HTTP/1.1" 200 186706
2026-04-03 16:18:40,639 [INFO] django.server:161 - "GET /static/backend/vendor/bootstrap-icons/fonts/bootstrap-icons.woff2?1fa40e8900654d2863d011707b9fb6f2 HTTP/1.1" 200 121340
2026-04-03 16:18:44,449 [INFO] django.server:161 - "POST /gestao/login/do HTTP/1.1" 302 0
2026-04-03 16:18:51,098 [INFO] django.server:161 - "GET /gestao/dashboard/ HTTP/1.1" 200 59735
2026-04-03 16:18:51,125 [INFO] django.server:161 - "GET /static/backend/node_modules/sweetalert2/dist/sweetalert2.css HTTP/1.1" 200 26040
2026-04-03 16:18:51,142 [INFO] django.server:161 - "GET /static/backend/node_modules/sweetalert2/dist/sweetalert2.min.js HTTP/1.1" 200 43365
2026-04-03 16:18:51,145 [INFO] django.server:161 - "GET /static/backend/vendor/simple-datatables/simple-datatables.js HTTP/1.1" 200 94688
2026-04-03 16:18:51,146 [INFO] django.server:161 - "GET /static/backend/vendor/bootstrap/js/bootstrap.bundle.min.js HTTP/1.1" 200 80674
2026-04-03 16:18:51,149 [INFO] django.server:161 - "GET /static/backend/vendor/tinymce/tinymce.min.js HTTP/1.1" 200 424766
2026-04-03 16:18:51,151 [INFO] django.server:161 - "GET /static/backend/libraries/jQuery-Mask-Plugin/dist/jquery.mask.min.js HTTP/1.1" 200 8346
2026-04-03 16:18:51,156 [INFO] django.server:161 - "GET /static/backend/js/main.js HTTP/1.1" 200 9448
2026-04-03 16:18:51,167 [INFO] django.server:161 - "GET /static/backend/js/gerais.js HTTP/1.1" 200 5367
2026-04-03 16:18:51,176 [INFO] django.server:161 - "GET /static/backend/vendor/apexcharts/apexcharts.min.js HTTP/1.1" 200 515592
2026-04-03 16:18:51,183 [INFO] django.server:161 - "GET /static/backend/vendor/echarts/echarts.min.js HTTP/1.1" 200 1024740
2026-04-03 16:18:51,310 [INFO] django.server:161 - "GET /static/backend/vendor/quill/quill.min.js HTTP/1.1" 200 216340
2026-04-03 16:18:58,879 [INFO] django.server:161 - "GET /gestao/tracker/ HTTP/1.1" 200 30014
2026-04-03 16:18:58,904 [INFO] django.server:161 - "GET /static/backend/js/Carro/index.js HTTP/1.1" 200 1948
2026-04-03 16:18:58,951 [INFO] django.server:161 - "GET /static/backend/vendor/boxicons/fonts/boxicons.woff2 HTTP/1.1" 200 115680
2026-04-03 16:19:04,756 [INFO] django.server:161 - "GET /gestao/tracker/mapa/ HTTP/1.1" 200 96884
2026-04-03 16:20:05,597 [INFO] django.utils.autoreload:251 - E:\Projetos\slocker\Backend\backend\Controller\TrackerController.py changed, reloading.
2026-04-03 16:20:07,876 [INFO] django.utils.autoreload:637 - Watching for file changes with StatReloader
2026-04-03 16:20:36,878 [INFO] django.server:161 - "GET /gestao/tracker/mapa/ HTTP/1.1" 200 96884
2026-04-03 16:20:37,322 [INFO] django.server:161 - "GET /static/backend/img/32x32.png HTTP/1.1" 200 2269
2026-04-03 16:20:50,267 [INFO] django.utils.autoreload:637 - Watching for file changes with StatReloader
2026-04-03 16:20:58,314 [INFO] django.server:161 - "GET /gestao/tracker/mapa/ HTTP/1.1" 200 96884
2026-04-03 16:21:01,241 [INFO] django.server:161 - "GET /gestao/tracker/ HTTP/1.1" 200 30104
2026-04-03 16:21:10,924 [INFO] django.server:161 - "GET /gestao/tracker/mapa/?talhao_id=13 HTTP/1.1" 200 1077121
2026-04-03 16:21:20,296 [INFO] django.server:161 - "GET /gestao/tracker/ HTTP/1.1" 200 30104
2026-04-03 16:21:26,022 [INFO] django.server:161 - "GET /gestao/tracker/mapa/?talhao_id=15 HTTP/1.1" 200 96884
2026-04-03 16:21:29,903 [INFO] django.server:161 - "GET /gestao/tracker/ HTTP/1.1" 200 30104
2026-04-03 16:21:33,761 [INFO] django.server:161 - "GET /gestao/tracker/mapa/?talhao_id=14 HTTP/1.1" 200 63056
2026-04-03 16:21:50,954 [INFO] django.server:161 - "GET /gestao/tracker/ HTTP/1.1" 200 30104
2026-04-03 16:21:55,572 [INFO] django.server:161 - "GET /gestao/tracker/mapa/?talhao_id=12 HTTP/1.1" 200 36827
2026-04-03 16:22:08,403 [INFO] django.server:161 - "GET /gestao/tracker/ HTTP/1.1" 200 30104
2026-04-03 16:22:13,796 [INFO] django.server:161 - "GET /gestao/tracker/mapa/?talhao_id=10 HTTP/1.1" 200 96905
2026-04-03 16:22:17,662 [INFO] django.server:161 - "GET /gestao/tracker/ HTTP/1.1" 200 30104
2026-04-03 16:26:01,221 [INFO] django.utils.autoreload:251 - E:\Projetos\slocker\Backend\backend\Controller\TrackerController.py changed, reloading.
2026-04-03 16:26:04,054 [INFO] django.utils.autoreload:637 - Watching for file changes with StatReloader
